site,MLE,Lower,Upper,LogL_global,LogL_local
1,0,0,10000,-2.71982142518,-2.71982142518
2,5.68905353253,0.320621412953,26.5584422407,-7.96726902428,-7.06204134092
3,12.9667591016,2.12953943973,41.3739286099,-19.2988872391,-16.0453065367
4,0,0,0.891326903951,-4.87304842782,-2.71982142518
5,1.16938587884,0.194230314448,3.63076127133,-20.2059610884,-20.1827743919
6,4.62467065524,1.93785959047,9.11933268324,-33.0755816916,-28.162318709
7,1.8377668257,0.477209742619,4.69327289194,-22.8790548743,-22.3922551953
8,5.54480664165,2.33314025021,11.1240113955,-45.4514473366,-39.3937502167
9,4.04392445121,1.59799156503,8.37563771954,-42.1452863493,-38.3061576766
10,0.785975903278,0.0447074000976,3.51798595746,-10.8355007657,-10.8045594586
11,0,0,0.999842737094,-4.66968084633,-2.74865089562
12,0.843810717117,0.047983248463,3.78284576169,-10.7587885814,-10.7438500014
13,1.69931146469,0.28036561167,5.36001788753,-14.5264101376,-14.2920770567
14,1.06024158993,0.174652388224,3.36092694023,-14.5650308557,-14.5617482157
15,0.985275843181,0.162909409197,3.08972782552,-13.3311925758,-13.3309745326
16,0.475414207911,0.0269895866887,2.14207908365,-12.2887013261,-11.9365232463
17,1.2265211574,0.214793919097,3.64259819938,-13.5686270196,-13.5265451709
18,0.8792058235,0.145580740816,2.74870571111,-18.7630304729,-18.7459214955
19,1.01910832456,0.0968160596775,3.46942640039,-13.6494075577,-13.6491296162
20,0.414035960695,0.0235898141306,1.83666422292,-10.5815386375,-10.0521837402
21,0.678002621729,0.0384942149257,3.04620088275,-11.9390107853,-11.8539637251
22,1.11040353078,0.183065514481,3.52120694388,-18.5078213878,-18.497439454
23,0,0,1.28083600763,-3.65207877661,-2.1489811505
24,0.538431953232,0.0305687314846,2.41943754156,-9.92370772973,-9.68972460372
25,0,0,0.852805322451,-4.18301304732,-1.93599125297
26,0.475414207911,0.0269885722744,2.14178801345,-12.2887880226,-11.9365174531
27,1.13496155878,0.188095223098,3.53784657219,-18.0462285566,-18.0309721674
28,0,0,0.755443820518,-5.24636481599,-2.70754153857
29,0,0,1.22734718851,-4.8240802057,-3.25833264535
30,0.671071639796,0.038106742703,3.01562663973,-9.83000031144,-9.74016201737
31,0,0,0.755443820518,-5.24636481599,-2.70754153857
32,0.523900287199,0.0297396873652,2.35762832502,-11.3959247371,-11.1385180518
33,0,0,10000,-3.25833264535,-3.25833264535
34,0,0,10000,-4.53818736543,-4.53818736543
35,0,0,10000,-2.40813557568,-2.40813557568
36,0,0,10000,-2.1489811505,-2.1489811505
37,0,0,10000,-2.1489811505,-2.1489811505