site,MLE,Lower,Upper
1,0,0,1.06019648671
2,2.10996611686,0.383178648235,6.05904347274
3,0,0,0.708811908547
4,1.51162925585,0.251455932297,4.70004538563
5,2.57299798164,0.900754239057,5.70212417987
6,0.300344160733,0.0171142509244,1.33074535435
7,0.706688939827,0.0400111413635,3.20761133962
8,0,0,1.36514999054
9,0,0,1.21606486
10,1.87189471395,0.109465008666,7.93316168621
11,0.30682854929,0.0174811364234,1.36023262764
12,0,0,1.36514999054
13,0.802820087951,0.14483173013,2.32902602867
14,0.70693914641,0.0407463549275,3.06056619195
15,0,0,0.561745667824
16,0.709353549885,0.0410253833773,3.06027597323
17,0,0,0.71909086378
18,0.314161977321,0.0179180137123,1.38836001537
19,1.63109847614,0.504078413056,3.82946050038
20,0,0,1.36514999054
21,0.996510408879,0.247055566899,2.60481696343
22,3.84183363313,0.632478776971,12.2210090391
23,6.00381051709,1.63399637202,14.7775764111
24,0,0,0.71909086378
25,0,0,0.742529039681
26,0.933987136388,0.166471557583,2.69849704067
27,2.20224873665,0.877380679483,4.47577782785
28,0,0,0.594657824085
29,0,0,0.668118972695
30,1.16738329055,0.28535403831,3.14605307644
31,0,0,1.16238628093
32,0,0,1.36514999054
33,0,0,0.325506813743
34,1.9654464859,0.712064434906,4.21020428428
35,1.58069062649,0.554263311744,3.46230602098
36,0.723831706809,0.224025931864,1.69486099579
37,6.50317048737,3.43975994541,11.7096793801
38,0,0,5.87851342799