site,MLE,Lower,Upper
1,0,0,1.32027994946
2,2.56199623536,0.460928690766,7.39635517628
3,0,0,0.882789823032
4,1.93092286422,0.321500759962,5.98012762323
5,3.19540398652,1.12019846206,7.06055757823
6,0.374126340561,0.0213211907518,1.65690003127
7,0.900574713641,0.051067457127,4.06742717625
8,0,0,1.70020328687
9,0,0,1.51418848736
10,2.33070923605,0.136267221236,9.87941944484
11,0.382328779285,0.0217863624714,1.69389888524
12,0,0,1.70020328687
13,0.998125581398,0.179844946843,2.89169175304
14,0.879806890988,0.05075203887,3.80569487625
15,0,0,0.699804235239
16,0.881055120763,0.0509765439755,3.8032993706
17,0,0,0.895602949422
18,0.384971064164,0.0219466132321,1.70321982724
19,2.022377953,0.625395200193,4.74372123128
20,0,0,1.70020328687
21,1.22160397387,0.302679696274,3.19478516738
22,4.80771400876,0.793696925681,15.2611695158
23,7.47379008274,2.03122908022,18.388612221
24,0,0,0.895602949422
25,0,0,0.92488048345
26,1.15919736898,0.206459565526,3.34952177309
27,2.62774865653,1.04344562295,5.35707580724
28,0,0,0.740734648223
29,0,0,0.832128536266
30,1.45122977107,0.3548357353,3.90507255838
31,0,0,1.4479433724
32,0,0,1.70020328687
33,0,0,0.405499523703
34,2.40915673737,0.871678656592,5.16084232361
35,1.96400279147,0.689024603245,4.29636854333
36,0.902423927869,0.279343150085,2.1103286909
37,8.01136503769,4.17133453141,14.7094322694
38,0,0,7.73633541581