site,MLE,Lower,Upper
1,0,0,0.811036079701
2,1.0788825766,0.179406102282,3.34319432325
3,0,0,1.00850856462
4,0.832119792863,0.137761557083,2.59232872067
5,2.21715636197,0.686204571463,5.20450262042
6,0.603543938367,0.0343767906328,2.67840692472
7,0.570259289065,0.0325186612762,2.51834826237
8,0,0,1.01217760284
9,0,0,1.29685720281
10,0.3299614491,0.0188081064702,1.45723590974
11,0.608752959024,0.0346697503421,2.70272326418
12,0,0,1.01217760284
13,1.30029951966,0.215681893281,4.04554239249
14,0.806389033177,0.046904721469,3.41758436563
15,0,0,1.2038464095
16,0.799188116362,0.0464252082052,3.39916972388
17,0,0,1.64930430563
18,0.602178159307,0.0343011561752,2.67183171833
19,2.87761962578,0.888671430367,6.76854276716
20,0,0,1.01217760284
21,1.871126924,0.463099698443,4.90912858254
22,0.906176576065,0.150484285584,2.8078874094
23,1.08314441759,0.269422594422,2.81555609589
24,0,0,1.64930430563
25,0,0,1.21525892211
26,1.14449255284,0.190054674453,3.54628183994
27,3.89887317845,1.53624950378,8.02884664512
28,0,0,0.920602815023
29,0,0,1.10001237262
30,2.75332118993,0.717582789598,6.77390424396
31,0,0,1.27104889061
32,0,0,1.01217760284
33,0,0,1.39412001574
34,2.74815326753,0.978831624485,5.97892875147
35,2.47618672494,0.763755633132,5.83419857228
36,3.00998674331,0.929650989193,7.07051426523
37,7.85031351713,4.08767845887,13.599276305
38,0,0,6.32974324719