site,MLE,Lower,Upper
1,0,0,0.435585685668
2,0.453736383406,0.0748728368442,1.42981639825
3,0,0,1.9712609873
4,0.417175621217,0.0690584047757,1.30453197992
5,2.15290369691,0.658841106182,5.14916936247
6,0.63288224735,0.0358750360229,2.85887663439
7,0.401533154243,0.0228685163014,1.78263341641
8,0,0,2.30232518439
9,0,0,0.490003553538
10,0.167034224662,0.00951109918579,0.742143648296
11,0.589824048244,0.0334339962643,2.66364072179
12,0,0,2.30232518439
13,1.17800790549,0.193444800629,3.76537677596
14,0.253435345302,0.0143821945915,1.14014423015
15,0,0,1.86565999862
16,0.253435345302,0.0143782828912,1.13895690414
17,0,0,0.53555371832
18,0.612896947784,0.0347391562574,2.7808497158
19,1.36867180965,0.424077976003,3.21143521194
20,0,0,2.30232518439
21,1.81707356883,0.443655157824,4.91342860983
22,0.968520982648,0.160441108209,3.02036745698
23,0.514029161774,0.127097200185,1.35161162058
24,0,0,0.53555371832
25,0,0,0.590394162489
26,1.13916141801,0.188653062817,3.56088952987
27,3.8765260678,1.48149040984,8.51504147936
28,0,0,1.56521938501
29,0,0,1.09145281814
30,4.5999216886,1.14413795326,11.953711149
31,0,0,2.73165127599
32,0,0,2.30232518439
33,0,0,0.985469956493
34,4.5999216886,1.63814398245,9.96180116009
35,2.57599099024,0.781799889597,6.27139505764
36,2.18474233107,0.673999906077,5.12626297884
37,4.98452158323,2.46085872191,9.32061363124
38,0,0,13.1534339541