site,MLE,Lower,Upper
1,0,0,1.19049537546
2,0.797318015372,0.132508967032,2.46976435239
3,0,0,1.23533185979
4,0.943696495554,0.156412267055,2.9391489655
5,3.25408098122,1.00208607562,7.69935777923
6,0.605615654968,0.0344755589321,2.69456811005
7,0.794810096875,0.0452557565662,3.53173845946
8,0,0,1.13831710509
9,0,0,0.678690998808
10,0.412235657464,0.0234859915696,1.82772509715
11,0.607564736792,0.0345804205663,2.70194433541
12,0,0,1.13831710509
13,1.50677063927,0.261051923685,4.47929456433
14,0.355508758079,0.0202572335854,1.57534276026
15,0,0,1.83025480259
16,0.355160480175,0.0202376528249,1.57372166742
17,0,0,0.974633701521
18,0.624018053149,0.0355375499306,2.7709413106
19,2.39683892613,0.744665932251,5.58511771345
20,0,0,1.13831710509
21,2.00425192899,0.49562874416,5.27470861734
22,1.93486882314,0.320998103094,6.00975948648
23,1.25394404214,0.310389766545,3.28555593685
24,0,0,0.974633701521
25,0,0,1.00504502362
26,1.37723861911,0.228595972019,4.27238022544
27,4.74278494934,1.85783330656,9.88433890244
28,0,0,2.20035038816
29,0,0,1.264547265
30,1.67543219073,0.415332827963,4.37775630347
31,0,0,1.0349520018
32,0,0,1.13831710509
33,0,0,1.00882394559
34,6.33870400844,2.2817302578,13.6206202762
35,2.63823878999,0.811817334201,6.24445797621
36,2.46656897338,0.766435992605,5.74778351917
37,7.10726956529,3.66644565862,12.525663397
38,0,0,5.31362965673