site,MLE,Lower,Upper
1,0,0,1.0175875655
2,0.738920135506,0.121750774795,2.33850149042
3,0,0,1.19826501614
4,0.895309569069,0.147713004833,2.8217515676
5,2.66585987136,0.819635254054,6.31901086207
6,0.752342046215,0.0427804782559,3.36152973919
7,0.503995100865,0.0287128929933,2.24025782052
8,0,0,2.4927970156
9,0,0,0.675507055829
10,0.375010888419,0.0213010904089,1.68153820221
11,0.690429566662,0.0392598486925,3.08301824531
12,0,0,2.4927970156
13,1.35480572952,0.223668340742,4.2615090553
14,0.35411028779,0.0201150495587,1.58767406828
15,0,0,2.36044490615
16,0.352837598836,0.020042890049,1.58193822131
17,0,0,0.877609088613
18,0.716254006226,0.0407253821899,3.20412197966
19,2.76693831351,0.92685252089,6.19011964544
20,0,0,2.4927970156
21,2.06800338367,0.509334216179,5.48933264089
22,1.36119726515,0.225351071663,4.24777467415
23,1.15850486599,0.28434066782,3.0852553884
24,0,0,0.877609088613
25,0,0,1.09669776092
26,1.67893617762,0.277794557658,5.23206693734
27,4.27089122144,1.65811631787,9.10883424551
28,0,0,0.883290687804
29,0,0,1.6073506013
30,1.71013999087,0.421534810656,4.52246503104
31,0,0,1.09397135417
32,0,0,2.4927970156
33,0,0,1.06350981508
34,2.53115043057,0.901868377609,5.50700866886
35,2.97089386515,0.910539951471,7.08717119545
36,2.34682880318,0.722644609336,5.54474406559
37,6.40676443549,3.17453345139,11.9342985162
38,0,0,5.75874284071