site,MLE,Lower,Upper
1,0,0,0.593245005926
2,0.618105052857,0.101982303935,1.94648486021
3,0,0,2.68472918405
4,0.570532778914,0.0943955120462,1.78288431246
5,2.92170901825,0.895520128404,7.00082516015
6,0.862557786583,0.0489109168106,3.89687763082
7,0.545164838241,0.0310490904997,2.42018701475
8,0,0,3.13563528061
9,0,0,0.667320073553
10,0.227484603888,0.0129535487728,1.01067513538
11,0.802065617714,0.0454822866576,3.62301314505
12,0,0,3.13563528061
13,1.59961285198,0.262567894175,5.10659577545
14,0.345170697734,0.0195894894453,1.55262901293
15,0,0,2.54091587597
16,0.345047684618,0.0195849843717,1.55115055966
17,0,0,0.729374535141
18,0.835994743501,0.0473073143625,3.78586936988
19,1.87143713735,0.581260173196,4.37830333067
20,0,0,3.13563528061
21,2.47377858612,0.603819853403,6.68746338954
22,1.31936112487,0.218564142294,4.11437827922
23,0.699862682968,0.173053287493,1.84006778629
24,0,0,0.729374535141
25,0,0,0.80407089052
26,1.5522031628,0.256936273539,4.849246265
27,5.27464982696,2.01508717145,11.6023398302
28,0,0,2.13174440262
29,0,0,1.48647772221
30,6.25402608481,1.55402563008,16.2494199692
31,0,0,3.72038272987
32,0,0,3.13563528061
33,0,0,1.34215347069
34,6.24905773741,2.22978811894,13.5577341599
35,3.50666797579,1.06438959901,8.53477364209
36,2.96435240838,0.915608042115,6.96114578932
37,6.69026223521,3.29822784746,12.5431401743
38,0,0,17.5130327728