site,MLE,Lower,Upper
1,0,0,0.945530231202
2,0.686439271214,0.113088956505,2.17321567896
3,0,0,1.11348172738
4,0.829857326825,0.137106907166,2.62040296966
5,2.48352456625,0.76352933821,5.88755689342
6,0.698678348619,0.0397059095323,3.12091579595
7,0.469161476571,0.0267406716163,2.08668413691
8,0,0,2.31637911479
9,0,0,0.627746469999
10,0.348497523703,0.0197937423666,1.56306320003
11,0.642809391679,0.0365237372029,2.86893821477
12,0,0,2.31637911479
13,1.2602930635,0.208227563355,3.96863162399
14,0.328639214437,0.018689447428,1.4755596586
15,0,0,2.19333126786
16,0.327823567303,0.0186208258816,1.47013961706
17,0,0,0.81547983481
18,0.665884467945,0.0378473729122,2.97836254867
19,2.57416576319,0.863616588949,5.75719436989
20,0,0,2.31637911479
21,1.92429670381,0.473865576477,5.106675701
22,1.26547987764,0.209551588572,3.95008997069
23,1.07587549945,0.26426970337,2.86924385051
24,0,0,0.81547983481
25,0,0,1.01910330543
26,1.55944308118,0.258142797242,4.86278714977
27,3.98271161657,1.54295403952,8.49320960638
28,0,0,0.82076109367
29,0,0,1.49359661196
30,1.59080222578,0.391618252322,4.20304749135
31,0,0,1.01659508554
32,0,0,2.31637911479
33,0,0,0.988256334523
34,2.3567251654,0.83964619129,5.12828161044
35,2.76407708946,0.847290289923,6.59616159391
36,2.18474233107,0.672553798704,5.16383040509
37,5.97331489205,2.95933886155,11.1272568144
38,0,0,5.37674546946