site,MLE,Lower,Upper
1,0,0,10000
2,10.3609592982,1.1269369453,43.6033431981
3,11.0658377682,1.99166528235,39.2449610746
4,0,0,1.00482930361
5,0.330969968257,0.0548641408011,1.03066279566
6,4.99660723176,2.19211268379,9.71954624083
7,6.01809900975,1.76802311879,14.519837641
8,3.64913639459,1.61954906908,7.24494917455
9,4.45021604949,2.01899323756,8.63568088297
10,0.364883621735,0.0207589681625,1.62650412412
11,0,0,0.866345984667
12,0.366665627587,0.0208676804056,1.63209241993
13,0.812147430311,0.134382324799,2.51630757471
14,0.638132695562,0.106459746957,1.97209346418
15,1.03139359327,0.170401660603,3.25098332546
16,1.78157106132,0.104458888099,7.52463748317
17,3.47926176473,0.780237536006,9.62967043521
18,4.12508084368,0.942148596342,11.2587202002
19,0.356145386447,0.0202479455944,1.59176473748
20,2.11913416633,0.121973952863,9.30808477776
21,0.543246577169,0.0357086897717,2.12197468716
22,0.732851496827,0.131369346342,2.14196283946
23,0,0,0.695455432197
24,0.286513900739,0.0163151651623,1.27284990066
25,0,0,3.06518807474
26,1.78157062988,0.104458854906,7.52481638082
27,1.19816830756,0.205237159123,3.59885853695
28,0,0,1.29301567702
29,0,0,1.09969759698
30,0.718128597137,0.110645000594,2.32596939184
31,0,0,1.29301567702
32,0.33814365982,0.0196304772198,1.44399507953
33,0,0,10000
34,0,0,10000
35,0,0,10000
36,0,0,10000
37,0,0,10000