site,MLE,Lower,Upper
1,0,0,10000
2,4.76610864772,0.268885155994,22.4311822994
3,22.8738935652,3.66756265801,79.4960236813
4,0,0,0.724188113483
5,1.73393864444,0.286865823164,5.42368446323
6,3.42384021628,1.31265787558,7.43453439322
7,0.916526909673,0.226042963654,2.42391065847
8,3.67016179862,1.4238178298,7.79825727792
9,4.52379613426,1.66945055715,10.3408832058
10,0.505101490352,0.0286886089047,2.27229932296
11,0,0,10.7323828816
12,0.512449721017,0.0291121409722,2.29772510505
13,1.04235273151,0.171785181658,3.29674818976
14,2.17715117853,0.35197337229,7.18634264894
15,0.804270042139,0.13298741709,2.52098762911
16,0.278407302931,0.0158280000198,1.2447817112
17,0.695675140934,0.115551795505,2.16273448482
18,1.58277295484,0.261470269171,4.96022768827
19,0.471924407482,0.0267709129022,2.12580076249
20,0.821539580373,0.0467404562691,3.66187993552
21,0.551418839974,0.0313673749268,2.45989691517
22,2.05848859212,0.335074785517,6.70793301158
23,0,0,1.05021882254
24,1.0718448879,0.0604941910175,4.91822898943
25,0,0,0.532285121045
26,0.278399116984,0.0158275378344,1.24474367065
27,8.18015815967,1.3549043514,25.4950343526
28,0,0,3.8284671305
29,0,0,4.5393728799
30,0.55256034392,0.0314315212006,2.46522604365
31,0,0,3.8284671305
32,1.02053903548,0.057583417471,4.68907350237
33,0,0,10000
34,0,0,10000
35,0,0,10000
36,0,0,10000
37,0,0,10000