site,MLE,Lower,Upper
1,0,0,10000
2,9.72457685737,0.562560057611,42.395103121
3,19.4595983525,3.18622058781,63.2691757368
4,0,0,1.53777374025
5,1.2489567326,0.20618937969,3.93006808363
6,3.10815399236,1.2148818564,6.52245056238
7,1.38146856086,0.340305023218,3.67455151006
8,2.66528121272,1.03921800713,5.61107205471
9,3.52604411077,1.3553580766,7.57362290145
10,0.48573069362,0.0276399986551,2.16307990056
11,0,0,7.46232112901
12,0.487917067222,0.0277382893052,2.17384976916
13,0.985062640287,0.16280752951,3.09266018623
14,1.57058326417,0.258608028319,4.98897953258
15,1.43929862542,0.238470568752,4.4814405139
16,0.444157590906,0.02521889207,1.9928073163
17,0.920032416573,0.151891185054,2.89523664938
18,1.53291055782,0.25319168256,4.79861952974
19,0.464350688492,0.0264419798661,2.06305750167
20,0.86736422096,0.049256018999,3.85951606176
21,0.365232619869,0.0207924413926,1.62461341203
22,1.424494053,0.234608384647,4.51383047535
23,0,0,0.694887967654
24,0.768220386955,0.0436302608229,3.4511482049
25,0,0,0.851853057906
26,0.444157590906,0.0252206376038,1.99294985554
27,4.37867185059,0.723660021519,13.7441437446
28,0,0,1.9178635793
29,0,0,1.41652465863
30,0.366134741815,0.0208434755823,1.62869000885
31,0,0,1.9178635793
32,0.706032725681,0.040088656402,3.17103195157
33,0,0,10000
34,0,0,10000
35,0,0,10000
36,0,0,10000
37,0,0,10000