site,MLE,Lower,Upper
1,0,0,10000
2,9.87306066024,0.568942655098,43.515477806
3,16.9250271042,2.76173302259,55.5459698431
4,0,0,1.58631423466
5,1.18703694826,0.195762065227,3.74704095774
6,3.25151921753,1.26748652956,6.83585019615
7,1.39507045041,0.343295759878,3.70699673699
8,2.66695363062,1.03979639932,5.61027586793
9,3.75967157283,1.43969693609,8.12692748402
10,0.458665734076,0.0260961815297,2.04443729337
11,0,0,13.7298595267
12,0.460340937335,0.0261846192518,2.0539091408
13,0.934972017744,0.154470679151,2.93820742672
14,1.65822916035,0.272015760807,5.29169376266
15,1.43580675357,0.237591881396,4.48411503647
16,0.438861137861,0.0249183469788,1.97123254736
17,0.964536951386,0.159846140082,3.013616619
18,1.56654018603,0.259075771512,4.91636288743
19,0.443517082345,0.0252589994577,1.97327270499
20,0.890851193419,0.0506696125741,3.97429402794
21,0.370413340637,0.0210827809441,1.64901229875
22,1.56261590345,0.257387796563,4.95059122093
23,0,0,0.70587366535
24,0.811470465815,0.0460802410212,3.64281312262
25,0,0,0.841576075216
26,0.438896539372,0.0249203172845,1.97140140178
27,5.15061046896,0.845609746069,16.507458844
28,0,0,1.65979795008
29,0,0,1.26087487567
30,0.371248976294,0.0211299413844,1.6528952008
31,0,0,1.65979795008
32,0.781640473304,0.0443871254201,3.51064975615
33,0,0,10000
34,0,0,10000
35,0,0,10000
36,0,0,10000
37,0,0,10000