site,MLE,Lower,Upper
1,0,0,4525.3009544
2,3.05586484731,0.334162037635,12.701898327
3,3.35303437295,0.598521049884,11.6963150172
4,0,0,0.141811248861
5,0.0467789307117,0.00774510932628,0.146252453231
6,0.757543300897,0.331557452732,1.48075761029
7,0.857805701813,0.246499491492,2.09730888699
8,0.593522871326,0.259554712591,1.1836177255
9,0.692750700832,0.315579586529,1.3530264246
10,0.0513710900691,0.00291861337089,0.230293232256
11,0,0,0.122596056357
12,0.0516952349109,0.0029390899413,0.231054929931
13,0.112190805768,0.018581679012,0.351350689875
14,0.0935750028521,0.0156949470855,0.288605243796
15,0.147781773074,0.024351603004,0.46944093317
16,0.2502849601,0.0146382391244,1.06061335339
17,0.508913473571,0.114463635612,1.41003560382
18,0.605164358375,0.138741210324,1.64378109151
19,0.0502609863872,0.00285352779742,0.225950791874
20,0.298600884327,0.0171702784429,1.31243251622
21,0.0716355781719,0.00438877349119,0.29526986378
22,0.104399758987,0.0187473157625,0.306653656302
23,0,0,0.0983349326186
24,0.0405390983957,0.00230698395003,0.180561800723
25,0,0,0.431654321802
26,0.250393213292,0.0146430962727,1.06095657002
27,0.169079513209,0.0287087412949,0.514534162792
28,0,0,0.182336249939
29,0,0,0.154899862336
30,0.102008656157,0.0155847991211,0.334309586992
31,0,0,0.182336249939
32,0.0473079288052,0.00273903059975,0.203721423376
33,0,0,4525.3009544
34,0,0,4525.3009544
35,0,0,4525.3009544
36,0,0,4525.3009544
37,0,0,4525.3009544