site,MLE,Lower,Upper
1,0,0,10000
2,3.93297239173,0.221908106394,18.503291766
3,18.845894895,3.02163392086,65.5047901885
4,0,0,0.56507513625
5,1.35480572952,0.223975682427,4.23744473714
6,2.68722024633,1.02866935944,5.85266326153
7,0.714757338986,0.176265633668,1.89253788102
8,2.87137538462,1.11331177886,6.10902207857
9,3.57339321428,1.31302173394,8.17441530451
10,0.394335740435,0.0223811382109,1.77442710631
11,0,0,8.37381819201
12,0.399967178199,0.0227160460853,1.79450078617
13,0.813527344645,0.134028626378,2.57545714221
14,1.70390624357,0.274970435907,5.63475433526
15,0.627329733102,0.103785331802,1.96888428604
16,0.217111613374,0.012344983592,0.971560591238
17,0.543319371099,0.0902670455407,1.69094374723
18,1.23554168116,0.204222932065,3.87700715376
19,0.368385747903,0.020897446981,1.66125812411
20,0.641241797042,0.0364686246181,2.85879630959
21,0.430200010803,0.0244687115454,1.92011784527
22,1.60949525996,0.261917613899,5.25883043325
23,0,0,0.819532848412
24,0.837538617022,0.047241412977,3.84939974778
25,0,0,0.41538460062
26,0.217111613374,0.0123450150668,0.971563016065
27,6.3821521977,1.05697339613,19.8964382233
28,0,0,2.98737383814
29,0,0,3.54185840481
30,0.431056956205,0.024517030571,1.92407344253
31,0,0,2.98737383814
32,0.796891962025,0.0449445676175,3.66767427027
33,0,0,10000
34,0,0,10000
35,0,0,10000
36,0,0,10000
37,0,0,10000