site,MLE,Lower,Upper
1,0,0,2.68945698327
2,0,0,10000
3,0,0,10000
4,0,0,10000
5,0,0,10000
6,0,0,10000
7,0,0,10000
8,0,0,10000
9,0,0,10000
10,0,0,10000
11,0.19369597673,0.0110494968995,0.854696320954
12,1.67543219073,0.763453767538,3.13817786314
13,1.25157470914,0.494547675309,2.56338964719
14,1.99679817694,0.98785303391,3.59006250154
15,0.315675625978,0.052335902133,0.982262752079
16,0.656137631506,0.203020834592,1.53377414662
17,0,0,0.57531190064
18,0.52092626378,0.0862436871821,1.62680812816
19,0,0,0.261581295117
20,1.10077413497,0.470055302226,2.15203612835
21,0.204480654081,0.0116484364797,0.906898442813
22,0,0,0.845452795678
23,0,0,0.257308513002
24,1.49443638306,0.591386985003,3.06233095675
25,0.852029750032,0.304028770237,1.84824585464
26,1.48622551395,0.677363089089,2.80427717644
27,3.3556986798,1.80417325913,5.72383223472
28,1.78285495535,0.442344649065,4.66846693653
29,1.66837787041,0.661554094675,3.40012784248
30,3.66632285959,1.65363179638,7.15062795349
31,3.46580617739,2.03492001267,5.50928697436
32,0,0,0.495367245814
33,0.207937181934,0.0118472745984,0.921709145229
34,1.82403234921,0.56258566977,4.29025254272
35,0.230498234221,0.0131243788753,1.02416065944
36,0,0,0.495367245814
37,0,0,0.241350997111
38,0,0,0.428705144716
39,0.946264878606,0.40051335591,1.87997062924
40,0,0,0.268500767784
41,0.204003007659,0.0116146270235,0.906665949791
42,2.91161321325,1.49806976941,5.06046552957
43,0,0,0.484734322593
44,0,0,0.845452795678
45,0.198814113361,0.0113275126958,0.881173583979
46,0,0,10000
47,0,0,10000
48,0.207584890126,0.0118250903104,0.920689712968
49,0,0,0.495367245814
50,2.33584720272,1.27249090527,3.9106147474
51,0.764958055227,0.189621106599,1.99769011609
52,2.36740484844,0.924172240812,4.92164552998
53,0,0,10000
54,0,0,10000
55,0,0,10000
56,0,0,10000
57,1.71363867375,0.678742742022,3.50070721334
58,2.42567925641,1.14139605413,4.54630043058
59,3.14856409134,1.64296718959,5.46213000802
60,2.25911501933,0.87868478137,4.77772522342
61,24.7810271457,1.7730036655,10000
62,7.40117927376,1.66192828945,25.7596741843
63,5.57556885683,1.25566778745,51.7541366433
64,0,0,16.3330700633
65,0,0,3.75245652127
66,4.07253282798,0.404058404993,10000
67,1.2671480615,0.0678626744007,10.238317202
68,11.8933273943,1.29518987184,10000