site,MLE,Lower,Upper
1,0,0,4.03217979187
2,0,0,7927.43177308
3,0,0,7927.43177308
4,0,0,7927.43177308
5,0,0,7927.43177308
6,0,0,7927.43177308
7,0,0,7927.43177308
8,0,0,7927.43177308
9,0,0,7927.43177308
10,0,0,7927.43177308
11,0.369974576495,0.0210973378945,1.63520654782
12,3.35297610683,1.52089701033,6.33236175028
13,2.36740484844,0.934968334811,4.83885192987
14,0.642824640732,0.264798447652,1.37162556286
15,0.760240080403,0.12615432187,2.3602825748
16,0.839920484375,0.245365847857,2.21449153314
17,0,0,0.691297676777
18,0.755163030182,0.125335736808,2.34406212533
19,0,0,0.691297676777
20,0.448644766059,0.179422684483,0.946471242388
21,0.365465350469,0.0208406558369,1.61523687246
22,0,0,0.691297676777
23,0,0,0.0218489593504
24,0.867560191892,0.318727139056,2.03246521785
25,1.82846588941,0.65334490705,3.96108074489
26,3.30498109575,1.48997803874,6.33306105215
27,5.15672822127,2.41361216338,9.42481333059
28,1.18200607423,0.292415151325,3.10392337848
29,2.32393384174,0.917524134613,4.77728777484
30,3.76559599781,1.74514748756,7.06367826189
31,7.11470333128,4.09242931757,11.8283099926
32,0,0,0.691297676777
33,0.36501410816,0.0208133016712,1.61375558705
34,1.57429959065,0.48693670101,3.69104923855
35,0.362159228971,0.0206531163962,1.60029371345
36,0,0,0.691297676777
37,0,0,0.0218489593504
38,0,0,0.691297676777
39,0.154759242012,0.0567369389222,0.429870827207
40,0,0,0.691297676777
41,0.360290176204,0.0205478129063,1.5916736704
42,4.25704323997,2.18941578824,7.43270157605
43,0,0,0.691297676777
44,0,0,0.691297676777
45,0.360367251184,0.020552203118,1.5919800054
46,0,0,7927.43177308
47,0,0,7927.43177308
48,0.369044829669,0.0210445336257,1.63109351745
49,0,0,0.691297676777
50,3.73404564865,1.84075511141,6.90906269025
51,1.10469324071,0.274065481581,2.88142100533
52,2.43557597099,0.959016938921,5.03684337272
53,0,0,7927.43177308
54,0,0,7927.43177308
55,0,0,7927.43177308
56,0,0,7927.43177308
57,2.50641917413,0.988857810816,5.15237678543
58,4.30860654315,2.05632554432,7.92239308516
59,8.93206551653,4.35315503805,17.98868223
60,4.15433501959,1.60342411818,9.25551286806
61,14.2996637775,3.56917209562,173.102791505
62,6.11529526793,1.27225493167,28.0495158728
63,6.6813149517,0.805208942187,72.5116373111
64,0,0,58.8667243378
65,0,0,3.91381259581
66,5.2865713934,0.129116300399,106.032107351
67,5.17123241189,0.228723262078,69.6927922199
68,730.428571429,4.53280289389,7927.45529906