site,MLE,Lower,Upper
1,0,0,5.65684197318
2,0,0,10000
3,0,0,10000
4,0,0,10000
5,0,0,10000
6,0,0,10000
7,0,0,10000
8,0,0,10000
9,0,0,10000
10,0,0,10000
11,0.221849165775,0.0126023187374,0.994996012317
12,1.98629606007,0.930907929832,3.6442088884
13,0.54953793822,0.219109663885,1.11099641262
14,3.60637999929,1.96847156231,6.05258736764
15,0.0465898374606,0.00774384793426,0.14401661034
16,0.822478898264,0.283015928989,1.82853649771
17,0,0,0.304032430013
18,0.527297737529,0.152671020756,1.26213352645
19,0,0,0.332630391631
20,2.15841685923,0.944399070775,4.16074093992
21,0.189398558932,0.010842039955,0.828613143711
22,0,0,0.255896340513
23,0,0,1.47436337671
24,1.25433085598,0.534289328155,2.4301375682
25,0.887333845561,0.316494826266,1.92725258442
26,1.73558569454,0.804143899794,3.21320927661
27,3.69079066144,2.1976155762,5.80270048279
28,0.777101030999,0.212150908107,1.9418834798
29,9.00594000213,4.25259003928,16.8620949642
30,4.37976252554,2.35122697342,7.38738063832
31,4.12717406749,2.43985335302,6.57910693885
32,0,0,0.261405084262
33,0.178180864587,0.0101565044603,0.788391261666
34,1.99221342871,0.777759847719,4.13523191911
35,0.141904492322,0.00808612983392,0.628600055044
36,0,0,0.261405084262
37,0,0,0.552538419627
38,0,0,0.322498207073
39,2.61129650689,1.16548074206,5.02095821346
40,0,0,0.353729980061
41,0.312383550676,0.0180104397077,1.34461143161
42,8.17492942806,5.03673284813,12.5286826859
43,0,0,1.96658585101
44,0,0,0.255896340513
45,0.0795897650125,0.00454169039137,0.350859519283
46,0,0,10000
47,0,0,10000
48,0.189432063404,0.0108529571194,0.828352533274
49,0,0,0.261405084262
50,3.52355228633,2.00596994215,5.71391027562
51,5.30576099389,1.98858171225,11.2883050558
52,1.51730966525,0.714581129618,2.74199814038
53,0,0,10000
54,0,0,10000
55,0,0,10000
56,0,0,10000
57,8.64808252387,3.90296123226,16.2924506386
58,9.93874505638,5.34465166875,17.2548759868
59,5.09529848156,2.71238585205,8.95685123362
60,9.15023719471,3.71115134139,19.2983361314
61,33.2635875353,6.63194241103,10000
62,3.55599342631,0.836070559102,11.6091500521
63,10.4440966157,1.95060758464,10000
64,0,0,40.2800382555
65,0,0,16.2506472366
66,3.94700952756,0.186420223096,81.7966730666
67,0.978412151921,0.0514373534229,7.81436399301
68,26.9585915673,4.99899382403,10000