site,MLE,Lower,Upper
1,0,0,0.83761246518
2,0,0,2519.50392759
3,0,0,2519.50392759
4,0,0,2519.50392759
5,0,0,2519.50392759
6,0,0,2519.50392759
7,0,0,2519.50392759
8,0,0,2519.50392759
9,0,0,2519.50392759
10,0,0,2519.50392759
11,0.0278299503162,0.00158172252174,0.124575347056
12,0.24207564016,0.113231938193,0.446324302265
13,0.0683558512624,0.0272417199707,0.13838518806
14,0.477140884187,0.25612489661,0.816708347847
15,0.00577077575604,0.000959435667783,0.0178431445573
16,0.101889833395,0.0349861289109,0.227826286831
17,0,0,0.0375235559226
18,0.065279581848,0.0189444514219,0.156487554994
19,0,0,0.0410830647889
20,0.254906166781,0.110130459061,0.498295600344
21,0.023697579444,0.00135909274365,0.103343666926
22,0,0,0.0315703644257
23,0,0,0.181938246166
24,0.154827240785,0.0656557082851,0.301691384221
25,0.109848641699,0.0391380432785,0.238987202541
26,0.217303343803,0.1005848028,0.403722907955
27,0.488643401745,0.289458425264,0.776077596332
28,0.0948886891934,0.0263530785458,0.237524031407
29,1.13180761952,0.535615706822,2.11147055896
30,0.555970832664,0.298463402797,0.938866291704
31,0.527676279447,0.309536216088,0.852502399435
32,0,0,0.0322568965583
33,0.0220038077718,0.00125402494852,0.0974269783646
34,0.248415851498,0.0969470381233,0.516622912646
35,0.0175763214103,0.00100121889793,0.0779528036901
36,0,0,0.0322568965583
37,0,0,0.0682283392321
38,0,0,0.0398045847365
39,0.329188754181,0.14518830127,0.638212979834
40,0,0,0.0436662392628
41,0.0371989315024,0.00213155967326,0.162170137579
42,1.09628575302,0.676265179296,1.67801580692
43,0,0,0.242616974813
44,0,0,0.0315703644257
45,0.00972161006427,0.000554530977011,0.0429134304594
46,0,0,2519.50392759
47,0,0,2519.50392759
48,0.0237442041012,0.00136337264887,0.10350380699
49,0,0,0.0322568965583
50,0.459123569977,0.261546972427,0.746043579772
51,0.656120489235,0.24559454066,1.39522530866
52,0.191215242387,0.0904376771641,0.345347592827
53,0,0,2519.50392759
54,0,0,2519.50392759
55,0,0,2519.50392759
56,0,0,2519.50392759
57,1.08558569287,0.490357171228,2.04640620084
58,1.24322840687,0.668784605402,2.18039927996
59,0.71813580695,0.378958030715,1.28669150516
60,1.32841153219,0.530369820004,2.82729221151
61,7.30790397702,1.35462821382,2519.50451662
62,0.538756154866,0.126560168299,1.84675482888
63,1.8753831172,0.298315630381,2519.50392699
64,0,0,9.42437807491
65,0,0,2.55675942143
66,0.679931840409,0.0304781992872,13.8862378207
67,0.162714733754,0.00838590340189,1.63365468682
68,5.41545762117,0.939508234256,2519.50378833