site,MLE,Lower,Upper
1,0,0,1.74646737069
2,0,0,10000
3,0,0,10000
4,0,0,10000
5,0,0,10000
6,0,0,10000
7,0,0,10000
8,0,0,10000
9,0,0,10000
10,0,0,10000
11,0.110204033631,0.00628405361267,0.487063544997
12,4.70851417116,2.20156620226,8.65658269025
13,1.54116239208,0.61031339316,3.14403611486
14,1.76273427595,0.867764546858,3.1766362586
15,0.987523214756,0.1638628619,3.06469443618
16,0.547286342906,0.168734733315,1.29061169561
17,0,0,0.518031667026
18,0.579509214361,0.0956317756976,1.82589796528
19,0,0,0.299710621208
20,0.779760856259,0.332219726138,1.53076672164
21,0.14604257923,0.0083194768677,0.647760973206
22,0,0,0.885917034068
23,0,0,0.151794884813
24,1.3649469396,0.537340029307,2.81652693712
25,0.753661399421,0.268192102033,1.64149600838
26,1.22398850645,0.552250907955,2.33810358196
27,3.92701073189,2.09251690842,6.76873094923
28,3.24608390901,0.816014911271,8.37906828651
29,1.55447602542,0.615591876362,3.17721416404
30,3.7694442042,1.75219949751,7.20450449862
31,3.66928598897,2.1497601385,5.84077662139
32,0,0,0.553269927249
33,0.147764499725,0.00841534342829,0.656011777208
34,2.13347306791,0.656782089197,5.03300532813
35,0.25984334454,0.014773377914,1.16070152081
36,0,0,0.553269927249
37,0,0,0.23206877529
38,0,0,0.935893740486
39,0.889829495386,0.37606243991,1.77100700446
40,0,0,0.429408686444
41,0.668978897848,0.0381549766692,2.95354043283
42,2.84251608296,1.46038148555,4.95300827571
43,0,0,0.450043411328
44,0,0,0.885917034068
45,0.244432074078,0.0139355438928,1.08083036493
46,0,0,10000
47,0,0,10000
48,0.148116507932,0.0084373723617,0.657023388345
49,0,0,0.553269927249
50,2.18474233107,1.17592818489,3.73215187263
51,0.711174943794,0.176247265514,1.85583921788
52,2.45269008893,0.958724070001,5.11378331305
53,0,0,10000
54,0,0,10000
55,0,0,10000
56,0,0,10000
57,1.58966735168,0.627406308394,3.26506508567
58,2.40294422291,1.13480804831,4.46854587614
59,3.64109836849,1.8937118769,6.32320697212
60,2.19751835791,0.851856508723,4.67012926028
61,26.4724794292,2.33102332076,10000
62,8.45250793567,1.869954866,30.2210783113
63,8.13431813865,1.85292184197,49.2314434098
64,0,0,18.1406266405
65,0,0,3.322332868
66,3.67088325469,0.455537002941,10000
67,1.63373459924,0.0888954931414,10.457322306
68,8.46494680185,1.01341313949,10000