site,MLE,Lower,Upper
1,0,0,1.12080443672
2,0,0,10000
3,0,0,10000
4,0,0,10000
5,0,0,10000
6,0,0,10000
7,0,0,10000
8,0,0,10000
9,0,0,10000
10,0,0,10000
11,0.0644478142224,0.00367631818111,0.284421559639
12,0.554468765321,0.252488657125,1.04065585059
13,0.419492854559,0.165680891609,0.859964532591
14,0.687028702962,0.341550621583,1.2320790953
15,0.105311860263,0.0174542221762,0.327962554155
16,0.21872921434,0.0676779407922,0.51188538393
17,0,0,0.191718871304
18,0.173699298459,0.0287429475436,0.543180245456
19,0,0,0.0871675709506
20,0.367881451828,0.157039682336,0.719698865488
21,0.0679268046525,0.00386858409002,0.301521053667
22,0,0,0.28170383014
23,0,0,0.0857759263739
24,0.499086073392,0.197475461709,1.02441661159
25,0.286126188123,0.102044888886,0.621269382041
26,0.497893011268,0.226422479636,0.943787986371
27,1.10977141372,0.59592763445,1.8979513677
28,0.585618856912,0.145266074931,1.53390718425
29,0.569510837698,0.226778211154,1.15553180025
30,1.3253225469,0.580570638849,2.56201673796
31,1.15659831223,0.678925967234,1.84137658538
32,0,0,0.165114198008
33,0.0686235571206,0.00390862711072,0.30451645779
34,0.607564736792,0.187288921353,1.42919240686
35,0.0760105175244,0.00432701581164,0.338022054849
36,0,0,0.165114198008
37,0,0,0.0804563045087
38,0,0,0.142875260673
39,0.317435886031,0.134166617122,0.632211417376
40,0,0,0.089469198515
41,0.0679935767108,0.0038701082817,0.302468878708
42,0.972514181878,0.500010427146,1.69284567359
43,0,0,0.161527250664
44,0,0,0.28170383014
45,0.0662550540517,0.00377420581411,0.293849131563
46,0,0,10000
47,0,0,10000
48,0.0695392298064,0.00396090143473,0.308541417376
49,0,0,0.165114198008
50,0.792382124756,0.432445177753,1.32929112295
51,0.255191857255,0.0632377954453,0.666888197659
52,0.788796265888,0.307754218057,1.64531391035
53,0,0,10000
54,0,0,10000
55,0,0,10000
56,0,0,10000
57,0.584342141379,0.232499381781,1.18865052973
58,0.962501312824,0.475183571775,1.72967438206
59,1.11604246924,0.57905333926,1.95071463622
60,0.806389033177,0.312724851411,1.71125913548
61,11.8258695708,1.01947171986,10000
62,2.8659050384,0.621699147284,10.3321610016
63,2.23702997153,0.494571869973,18.1769342079
64,0,0,8.32771639171
65,0,0,1.67432767825
66,1.84657555069,0.184545227293,10000
67,0.560179225681,0.0298898487831,4.86514575576
68,6.56100629247,0.709866726183,10000