site,MLE,Lower,Upper
1,0,0,2.10851090638
2,0,0,10000
3,0,0,10000
4,0,0,10000
5,0,0,10000
6,0,0,10000
7,0,0,10000
8,0,0,10000
9,0,0,10000
10,0,0,10000
11,0.152964045595,0.00873314044691,0.67309837329
12,1.80379847989,0.822582839024,3.37404620249
13,1.81028438627,0.746765047126,3.56919479189
14,2.40857571893,1.22211509738,4.22290030057
15,0.510978592145,0.0849847425761,1.57870072385
16,1.49863456924,0.508963963075,3.28367347716
17,0,0,0.379985766191
18,0.414821766186,0.0687893453617,1.28830030991
19,0,0,0.523592443609
20,1.30439699733,0.558334646449,2.53911795305
21,0.222353559344,0.0126691689824,0.98456790226
22,0,0,0.415553808195
23,0,0,0.207026974441
24,1.26433820721,0.506150967555,2.55165466537
25,1.8975243241,0.784004844181,3.72663605396
26,2.72369183484,1.29484939165,4.97600293883
27,3.30731227059,1.80341017018,5.53738871272
28,0.681055648057,0.179125208966,1.68740520759
29,0.924214311885,0.366383976345,1.88183493975
30,1.83514024097,0.875044606289,3.35028463792
31,4.38447132148,2.56897252206,7.02841458197
32,0,0,0.394499320321
33,0.223190646562,0.0127165702639,0.98913866493
34,0.7654782791,0.236844699491,1.79042866667
35,0.216215405589,0.012327748046,0.956194724167
36,0,0,0.394499320321
37,0,0,0.447749553797
38,0,0,0.347947926929
39,1.74936897418,0.751145353568,3.40065785137
40,0,0,0.361792580752
41,0.228819705461,0.0130560486938,1.00963004058
42,1.84429775482,0.95369016373,3.1815649989
43,0,0,0.283468653032
44,0,0,0.415553808195
45,0.252520123164,0.0143944555593,1.11547334317
46,0,0,10000
47,0,0,10000
48,0.218899717736,0.0124745581416,0.969520684697
49,0,0,0.394499320321
50,4.75942258399,2.73498122973,7.63454578126
51,0.449298245711,0.1115564208,1.16764229505
52,1.47278000392,0.582399330678,3.01122643851
53,0,0,10000
54,0,0,10000
55,0,0,10000
56,0,0,10000
57,1.00770054521,0.400333097933,2.04570163572
58,1.90038603126,0.950440101158,3.34742974915
59,6.76812688661,3.63614937091,11.4775734743
60,1.8143991139,0.722843624688,3.69019431304
61,9.56293270566,2.93728612152,36.3549418493
62,4.88799156418,1.03038286238,15.9017276389
63,4.76344219146,0.867091121996,30.4415078883
64,0,0,32.8956748485
65,0,0,2.26900636153
66,5.66625002604,0.309879127554,43.0770015024
67,4.39847079045,0.299925857649,41.2226785399
68,18.3352966531,1.59692436591,10000