site,MLE,Lower,Upper
1,0,0,3.83330004794
2,0,0,10000
3,0,0,10000
4,0,0,10000
5,0,0,10000
6,0,0,10000
7,0,0,10000
8,0,0,10000
9,0,0,10000
10,0,0,10000
11,0.286852316696,0.0163756593937,1.26266341988
12,2.08411794157,0.956565712044,3.87132194219
13,1.38119199691,0.545757456241,2.82873937465
14,1.99976995245,0.994406706383,3.55803263455
15,0.398822777212,0.0661931622178,1.23743563324
16,0.652884073184,0.202101372721,1.52518032056
17,0,0,0.865156550861
18,0.490537339035,0.0812886043332,1.52818550081
19,0,0,0.238251656213
20,1.13245806343,0.484179177383,2.20927155643
21,0.166521878514,0.00949289662217,0.736642852853
22,0,0,0.706352678192
23,0,0,0.291186424005
24,1.3647605938,0.538519931701,2.80216096314
25,0.744484393325,0.266176768402,1.61231163145
26,1.40792826843,0.639666316497,2.65322816044
27,3.21393829948,1.74145603047,5.42279903451
28,3.29091672049,0.814403785727,8.63174033476
29,1.88372156185,0.745571214475,3.84666835686
30,2.63878629106,1.23023839116,5.02564108749
31,3.21377266498,1.89153451448,5.09211926079
32,0,0,0.464458630252
33,0.167782107786,0.00956518999832,0.742113544858
34,1.3579875789,0.419779993011,3.19021543223
35,0.21424795518,0.0122117833661,0.950669988113
36,0,0,0.464458630252
37,0,0,0.269113966571
38,0,0,0.324178935448
39,1.03028342679,0.439316950745,2.01952267854
40,0,0,0.321868407201
41,0.253435345302,0.0144555964357,1.11964312691
42,3.18256405787,1.64087296749,5.51191853214
43,0,0,0.574598556693
44,0,0,0.706352678192
45,0.212988638914,0.0121378194633,0.943290168033
46,0,0,10000
47,0,0,10000
48,0.167858339366,0.00956906881802,0.742573737587
49,0,0,0.464458630252
50,2.20578179592,1.20164855256,3.68528761749
51,0.903227317077,0.224030686281,2.35551386463
52,2.01299577741,0.78937555288,4.16877418549
53,0,0,10000
54,0,0,10000
55,0,0,10000
56,0,0,10000
57,1.97117592726,0.777911626988,4.04417632665
58,2.79568342207,1.27670727901,5.35578389326
59,2.65903290952,1.35529401693,4.69463787613
60,2.59537386051,0.999704483199,5.53055155255
61,18.3123485016,1.81897828654,10000
62,6.51006335747,1.41994137015,26.0740159717
63,6.35420604461,1.30045050959,52.3711200088
64,0,0,13.7599729651
65,0,0,4.44527731482
66,3.79559281372,0.237586111966,58.8858328922
67,1.7069272817,0.0886837246414,18.8563319412
68,19.981389223,1.5084010685,10000