site,MLE,Lower,Upper
1,0,0,21.9783271314
2,0,0,10000
3,0,0,10000
4,0,0,10000
5,0,0,10000
6,0,0,10000
7,0,0,10000
8,0,0,10000
9,0,0,10000
10,0,0,10000
11,0,0,31.4669548096
12,0,0,3.15898288438
13,2.00425192899,0.331555939969,6.25720549853
14,4.31147323363,1.31828017255,10.34080623
15,2.54531772016,0.420279754681,8.00647123193
16,4.52369598175,1.11773708052,11.8844288333
17,2.02557141638,0.335190493136,6.33481941006
18,2.64246238611,0.150356850349,11.7674817175
19,0,0,4.22737640094
20,0,0,1.61650803974
21,0,0,3.44406855699
22,0,0,1.86548059533
23,0,0,1.75057323268
24,0,0,2.9102923272
25,0,0,15.3305383891
26,0,0,2.79313709828
27,1.00581453419,0.0572157910919,4.48610170315
28,3.84977070143,1.17565001302,9.26728406223
29,0,0,3.16094889949
30,1.93285229104,0.109796106696,8.664034002
31,0,0,2.79313709828
32,0,0,1.90907576843
33,2.78475736809,0.683973554627,7.43955575819
34,0,0,4.22737640094
35,0.983484673974,0.0559989906583,4.37058411596
36,0,0,1.75057323268
37,3.99252609546,0.986549098105,10.5913404058
38,0,0,3.44406855699
39,1.32468135612,0.0752198479712,5.95120508731
40,0,0,3.94083755201
41,0.748401115523,0.0426391553611,3.33255969808
42,0.854321406242,0.0485296805228,3.82864284167
43,0,0,1.42767978775
44,0,0,1.90907576843
45,0,0,3.15898288438
46,0,0,2.35822433544
47,3.5861250762,0.592830119357,11.2460123166
48,0,0,1.61650803974
49,0,0,2.35822433544
50,0,0,2.9102923272