site,MLE,Lower,Upper
1,0,0,15.2993341976
2,0,0,10000
3,0,0,10000
4,0,0,10000
5,0,0,10000
6,0,0,10000
7,0,0,10000
8,0,0,10000
9,0,0,10000
10,0,0,10000
11,0,0,24.8600259725
12,0,0,2.50061635717
13,3.09300658474,0.580557862922,8.78925615466
14,4.6349235069,1.47885617043,10.662658346
15,3.15997698279,0.560892680311,9.18645862271
16,3.66155438403,0.904227377184,9.64535275181
17,3.19792960665,0.606847483161,9.00732179501
18,1.42537702296,0.081208628799,6.3101044207
19,0,0,3.84657706215
20,0,0,1.42781744991
21,0,0,3.8403618198
22,0,0,2.05086984301
23,0,0,1.66544992058
24,0,0,2.17592583562
25,0,0,1.48598631965
26,0,0,2.33244311499
27,1.14160349215,0.0648811564777,5.08938340217
28,3.58649366576,1.10140973992,8.52813167552
29,0,0,2.08898722295
30,1.26248873125,0.0715797069909,5.67524068359
31,0,0,2.33244311499
32,0,0,2.11563795992
33,2.61839373698,0.645780394123,6.92147253938
34,0,0,3.84657706215
35,1.10587390531,0.0629312941976,4.92579102958
36,0,0,1.66544992058
37,5.99846656491,1.48349935126,15.7726034334
38,0,0,3.8403618198
39,1.29044651181,0.0733104225776,5.79489693614
40,0,0,2.39992551023
41,1.33462041443,0.0757215091177,5.99255410916
42,0.768220386955,0.0437338825894,3.42196785691
43,0,0,2.54567362476
44,0,0,2.11563795992
45,0,0,2.50061635717
46,0,0,4.62289232915
47,4.56889061069,0.763019283911,14.0270262977
48,0,0,1.42781744991
49,0,0,4.62289232915
50,0,0,2.17592583562