site,MLE,Lower,Upper
1,0,0,89.0539922573
2,0,0,10000
3,0,0,10000
4,0,0,10000
5,0,0,10000
6,0,0,10000
7,0,0,10000
8,0,0,10000
9,0,0,10000
10,0,0,10000
11,0,0,89.0539922573
12,0,0,9.88872324308
13,10.8405468404,1.78053724723,35.6823043921
14,2.88452459474,0.76240121601,43.6970165715
15,13.0263431951,2.1276182278,42.0397891602
16,20.731239005,5.02199135438,56.6491878884
17,13.0263433548,2.12761822922,42.0397891921
18,5.19724330625,0.295194225134,23.5784012013
19,0,0,9.88872324308
20,0,0,0.352877951093
21,0,0,9.88872324308
22,0,0,9.88872324308
23,0,0,0.352877951093
24,0,0,9.88872324308
25,0,0,9.88872324308
26,0,0,9.88872324308
27,5.19724307316,0.295194225318,23.5784012038
28,1.26248873125,0.341399153593,3.65722246486
29,0,0,9.88872324308
30,5.22678991353,0.296841112319,23.7283574224
31,0,0,9.88872324308
32,0,0,9.88872324308
33,0.806389033177,0.167773898874,2.55645110936
34,0,0,9.88872324308
35,5.19724317134,0.295194224195,23.5784011115
36,0,0,0.352877951093
37,16.6179822004,4.03939522514,48.2349482035
38,0,0,9.88872324308
39,5.20630913762,0.295700924589,23.624259671
40,0,0,9.88872324308
41,5.19723739231,0.295193892214,23.5783718201
42,0.19394225073,0.0100794237034,1.1488145644
43,0,0,9.88872324308
44,0,0,9.88872324308
45,0,0,9.88872324308
46,0,0,9.88872324308
47,10.6600987911,1.75191300791,34.95963215
48,0,0,0.352877951093
49,0,0,9.88872324308
50,0,0,9.88872324308