site,MLE,Lower,Upper
1,0,0,16.6918780051
2,0,0,10000
3,0,0,10000
4,0,0,10000
5,0,0,10000
6,0,0,10000
7,0,0,10000
8,0,0,10000
9,0,0,10000
10,0,0,10000
11,0,0,40.0042245042
12,0,0,2.30952984553
13,2.15291602252,0.356376890777,6.72925109504
14,4.34953533251,1.31961901097,10.62776841
15,2.57207805943,0.424408215864,8.10245577446
16,3.87291499716,0.949361711975,10.3500708436
17,2.12110314924,0.350581374038,6.65277531303
18,1.89034139258,0.107483623152,8.44096350738
19,0,0,5.36133276281
20,0,0,1.54209125858
21,0,0,3.07825021254
22,0,0,1.99376124888
23,0,0,1.6440668971
24,0,0,2.49380487141
25,0,0,10.802823557
26,0,0,3.15881064626
27,1.30698528357,0.0742239488408,5.86395145208
28,3.68124178396,1.11363515436,9.0443864865
29,0,0,2.69230651252
30,2.75424376822,0.156328976435,12.3784689063
31,0,0,3.15881064626
32,0,0,2.49689992964
33,2.65395269335,0.646498458909,7.22456819624
34,0,0,5.36133276281
35,1.049089965,0.0597348119186,4.66219617165
36,0,0,1.6440668971
37,4.0240317338,0.992004272246,10.6565820593
38,0,0,3.07825021254
39,1.4715163815,0.0834670090603,6.63709042475
40,0,0,5.66986951032
41,0.872448240703,0.0495950311177,3.89127667396
42,0.811356229062,0.0459216330367,3.69148163443
43,0,0,1.66147202091
44,0,0,2.49689992964
45,0,0,2.30952984553
46,0,0,2.00690361474
47,3.23158686507,0.534039207718,10.1437528338
48,0,0,1.54209125858
49,0,0,2.00690361474
50,0,0,2.49380487141