site,MLE,Lower,Upper
1,0,0,12.5623268925
2,0,0,10000
3,0,0,10000
4,0,0,10000
5,0,0,10000
6,0,0,10000
7,0,0,10000
8,0,0,10000
9,0,0,10000
10,0,0,10000
11,0,0,49.0802123249
12,0,0,1.43154228796
13,1.89890164768,0.312226029409,6.04862876353
14,4.82114955013,1.44549385629,12.0918590314
15,3.51642383778,0.58178067232,11.0003410515
16,16.0228975051,4.0045576934,41.3396829266
17,1.92340736805,0.316123874665,6.12695601097
18,1.85972785872,0.10568753626,8.32167202951
19,0,0,6.13477851632
20,0,0,1.62006292659
21,0,0,3.11650699534
22,0,0,1.7655070407
23,0,0,1.05232544352
24,0,0,8.97318499646
25,0,0,21.2161018665
26,0,0,3.87217308863
27,1.01362538127,0.0575695338026,4.54719142072
28,2.3543462655,0.720757740068,5.63893334773
29,0,0,3.29412994229
30,3.3050843947,0.187061340088,14.9139489819
31,0,0,3.87217308863
32,0,0,1.9443092008
33,1.72449985207,0.424879393024,4.59297750442
34,0,0,6.13477851632
35,0.923113283803,0.0523647057901,4.16246073979
36,0,0,1.05232544352
37,4.41522214413,1.08869429512,11.6870412783
38,0,0,3.11650699534
39,1.8240731193,0.103058769596,8.3501178015
40,0,0,7.56872028561
41,1.09204996968,0.0621157765119,4.87274217271
42,0.852740151925,0.0481661217829,3.89937945364
43,0,0,2.07618683165
44,0,0,1.9443092008
45,0,0,1.43154228796
46,0,0,5.14465176675
47,3.29091672049,0.543055045074,10.3100096404
48,0,0,1.62006292659
49,0,0,5.14465176675
50,0,0,8.97318499646