site,MLE,Lower,Upper
1,0,0,21.6098167784
2,0,0,10000
3,0,0,10000
4,0,0,10000
5,0,0,10000
6,0,0,10000
7,0,0,10000
8,0,0,10000
9,0,0,10000
10,0,0,10000
11,0,0,9.08884367657
12,0,0,2.60520178741
13,1.87984324992,0.310394236849,5.91656690652
14,6.94052706645,2.46047981802,15.1658230639
15,0.870816050531,0.144451712273,2.71155399157
16,2.01205315478,0.482651144931,5.66170822418
17,2.51155139279,0.472755823197,7.2061418691
18,1.07806820904,0.0634881011277,4.54178817461
19,0,0,1.37657855577
20,0,0,2.99159819245
21,0,0,10.57982256
22,0,0,1.765355962
23,0,0,7.94766407922
24,0,0,2.8504950866
25,0,0,2.24918342415
26,0,0,1.40830350959
27,0.951681320324,0.0541523566973,4.23858663293
28,19.551893496,6.61704221423,44.3283271566
29,0,0,1.76470046933
30,1.78582372735,0.102114575652,7.86600212189
31,0,0,1.40830350959
32,0,0,1.82165898148
33,13.8144317876,3.84598344048,34.266078765
34,0,0,1.37657855577
35,0.923186918298,0.0524855760688,4.12610563776
36,0,0,7.94766407922
37,8.03310633358,1.96673704052,21.9281634216
38,0,0,10.57982256
39,0.785828099868,0.0446740139822,3.50074463985
40,0,0,3.35243111034
41,0.959422850433,0.0543178062501,4.35255913112
42,2.10996611686,0.130169883037,8.53312407851
43,0,0,1.80369919052
44,0,0,1.82165898148
45,0,0,2.60520178741
46,0,0,1.4582815804
47,14.7947917969,3.42294311753,40.4917025096
48,0,0,2.99159819245
49,0,0,1.4582815804
50,0,0,2.8504950866