site,MLE,Lower,Upper
1,0,0,23.5399658321
2,0,0,10000
3,0,0,10000
4,0,0,10000
5,0,0,10000
6,0,0,10000
7,0,0,10000
8,0,0,10000
9,0,0,10000
10,0,0,10000
11,0,0,27.2580791779
12,0,0,3.27225127432
13,1.89121433917,0.312905068308,5.91904421136
14,4.49856792564,1.37673600584,10.8364617966
15,2.45274641939,0.404673445667,7.73290436452
16,4.22147417775,1.04247807062,11.1333431348
17,1.9072982631,0.315320387433,5.97986842909
18,3.46585300366,0.197139122901,15.4468371597
19,0,0,3.4873967484
20,0,0,1.70849021054
21,0,0,3.58048514363
22,0,0,1.77756584224
23,0,0,1.7366066022
24,0,0,2.60134167384
25,0,0,28.3207903926
26,0,0,3.10345562248
27,0.951440196122,0.0541113674721,4.24687941723
28,3.83531708547,1.1703153572,9.24783802814
29,0,0,2.7802741164
30,1.69931146469,0.0966262107611,7.60258078965
31,0,0,3.10345562248
32,0,0,1.81767505204
33,2.78266615045,0.682993024893,7.44610034963
34,0,0,3.4873967484
35,0.931024264715,0.0529971814312,4.14186446093
36,0,0,1.7366066022
37,4.08316884966,1.00665419812,10.8130209052
38,0,0,3.58048514363
39,1.42698385004,0.081018346035,6.41465365388
40,0,0,3.42442851857
41,0.764166741322,0.0435005508788,3.40379135063
42,0.896356332338,0.0508985840249,4.02490128866
43,0,0,1.45624609717
44,0,0,1.81767505204
45,0,0,3.27225127432
46,0,0,3.009545472
47,3.7100750244,0.613021894177,11.6485146363
48,0,0,1.70849021054
49,0,0,3.009545472
50,0,0,2.60134167384