site,MLE,Lower,Upper
1,0,0,0.812867168742
2,0,0,4520.56295888
3,0,0,4520.56295888
4,0,0,4520.56295888
5,0,0,4520.56295888
6,0,0,4520.56295888
7,0,0,4520.56295888
8,0,0,4520.56295888
9,0,0,4520.56295888
10,0,0,4520.56295888
11,0,0,0.341882711419
12,0,0,0.10793719545
13,0.0778148666435,0.0128404131146,0.245350977035
14,0.305306904934,0.110728623221,0.658706580823
15,0.0360248219869,0.00597153299574,0.112217097096
16,0.088228537387,0.0211364636502,0.248327221172
17,0.104102974236,0.0195611215065,0.2994617304
18,0.0450008807032,0.00265173855813,0.189501291466
19,0,0,0.0570051144571
20,0,0,0.123960101782
21,0,0,0.438086552227
22,0,0,0.0731302148584
23,0,0,0.329124336377
24,0,0,0.118049429142
25,0,0,0.0932502465695
26,0,0,0.0583291873047
27,0.0394020724021,0.00224152007426,0.175646460858
28,0.81856898689,0.275871664046,1.86148021872
29,0,0,0.0730857500117
30,0.0738120296585,0.00421394068071,0.326030843599
31,0,0,0.0583291873047
32,0,0,0.0754532376155
33,0.573127720297,0.159889324748,1.42555298605
34,0,0,0.0570051144571
35,0.0382497178146,0.00217394561789,0.171159263026
36,0,0,0.329124336377
37,0.344733694894,0.0844447156163,0.938519706201
38,0,0,0.438086552227
39,0.0324856629389,0.00184731658543,0.14509590381
40,0,0,0.138872205229
41,0.0396565770537,0.00224369845007,0.180324263819
42,0.0855618634631,0.00518721457938,0.35108855235
43,0,0,0.0747611591967
44,0,0,0.0754532376155
45,0,0,0.10793719545
46,0,0,0.0603969458501
47,0.612672703214,0.143018089372,1.67581664223
48,0,0,0.123960101782
49,0,0,0.0603969458501
50,0,0,0.118049429142