site,MLE,Lower,Upper
1,0,0,17.7804675379
2,0,0,10000
3,0,0,10000
4,0,0,10000
5,0,0,10000
6,0,0,10000
7,0,0,10000
8,0,0,10000
9,0,0,10000
10,0,0,10000
11,0,0,43.3026676744
12,0,0,2.48086477361
13,1.91771209235,0.317557406115,5.98957586403
14,4.71825007306,1.42122141598,11.7183188445
15,2.51718542641,0.415098410908,7.94633154893
16,3.87331569202,0.953841304315,10.2700043509
17,1.90939450462,0.315553066207,5.99069483035
18,2.45643351374,0.139608576329,10.9817317293
19,0,0,5.79768428
20,0,0,2.17687585922
21,0,0,2.5016546177
22,0,0,1.76288386195
23,0,0,2.45194842817
24,0,0,2.4433989361
25,0,0,15.4867953964
26,0,0,2.06444687417
27,1.00205218341,0.0569831398579,4.47479848717
28,6.35319860397,1.96958516439,14.9343806939
29,0,0,2.51210670484
30,2.08331791997,0.118371774137,9.32825862348
31,0,0,2.06444687417
32,0,0,1.89001433932
33,4.34660862552,1.0746673384,11.4480799532
34,0,0,5.79768428
35,0.935763323629,0.0532748606895,4.16037117241
36,0,0,2.45194842817
37,3.39666404825,0.836394854381,9.01986654807
38,0,0,2.5016546177
39,1.06388502026,0.060257068152,4.82935960311
40,0,0,4.30110058277
41,0.745785404324,0.0424507895927,3.32383478816
42,1.13916141801,0.0646090201318,5.1589508479
43,0,0,1.42351989201
44,0,0,1.89001433932
45,0,0,2.48086477361
46,0,0,2.1408402689
47,2.64015652496,0.435977277493,8.30477655084
48,0,0,2.17687585922
49,0,0,2.1408402689
50,0,0,2.4433989361