site,MLE,Lower,Upper
1,0,0,0.449079658714
2,1.83535607613,0.782291790334,3.59873426133
3,2.06207571966,0.945374812208,3.8455048262
4,0.217111613374,0.0123755794668,0.958822428549
5,0,0,0.415926146818
6,0,0,1.09926687073
7,0,0,0.482036737794
8,0,0,0.297504540093
9,0,0,1.04140785288
10,0.320330223251,0.0182294223795,1.42603394676
11,1.09769604726,0.0626325321443,4.83959605152
12,2.91599928909,1.48661410137,5.14190673092
13,0.816891664384,0.289122512632,1.79982724877
14,1.14650932306,0.19022911406,3.56895213496
15,0.203029847498,0.011570886786,0.898972441048
16,0.936053586548,0.33317050715,2.04506516364
17,1.82253926606,0.795171779315,3.50264366497
18,0.58458412097,0.033311731028,2.5895694443
19,0.330842345126,0.0546724680904,1.03654081385
20,4.81884086394,2.59198833363,8.2387946108
21,0.166546581002,0.0094709649604,0.743440009342
22,0,0,0.297504540093
23,0.630403255591,0.0360243838644,2.76999361851
24,1.0857826435,0.33437935689,2.56422075036
25,6.1783771985,3.89276474053,9.45746870962
26,0.566519903669,0.0322750015712,2.51164819447
27,2.19354299251,1.14704562874,3.82366461658
28,0.297616229013,0.016961542468,1.31785053332
29,0.575859962139,0.0955020515989,1.79429858231
30,0.368837213177,0.0210162181718,1.63427435623
31,0,0,1.09926687073
32,0.550985172514,0.136518247025,1.44185324164
33,0,0,0.708799111124
34,0,0,0.322260017622
35,0,0,1.09926687073
36,0.634469688808,0.104948293423,1.98938316726
37,0,0,1.09926687073
38,0,0,0.322260017622
39,0,0,0.322260017622
40,0.334049913903,0.0190132747965,1.48959520467
41,2.18474233107,0.120503812321,11.5516409123