site,MLE,Lower,Upper
1,0,0,0.573499625864
2,2.31940881077,0.989089948868,4.54385101017
3,2.57337301166,1.17735435951,4.80569998093
4,0.272423630119,0.015535971979,1.20339592898
5,0,0,0.522136338734
6,0,0,1.40343963301
7,0,0,0.615243582848
8,0,0,0.379649459752
9,0,0,1.3298074918
10,0.408873484443,0.0232818069528,1.81822455542
11,1.40215522695,0.0800077269374,6.18105932913
12,3.65307745685,1.86493939246,6.42755049599
13,1.03803458442,0.368036437713,2.27941060143
14,1.46634964404,0.243235728807,4.55649168048
15,0.258772715863,0.0147524395331,1.14449535518
16,1.1774814375,0.418729510547,2.57404670763
17,2.30045234458,1.00301019542,4.4175137962
18,0.747089662552,0.0426150542921,3.30925644214
19,0.421316268344,0.0697286720877,1.31806592411
20,5.98356976938,3.22572026559,10.1888898213
21,0.212748189788,0.0121036467691,0.948108507556
22,0,0,0.379649459752
23,0.787380741471,0.0449398705673,3.46835988749
24,1.38476303602,0.426371848612,3.2613962373
25,7.66455865882,4.83667171309,11.7223298782
26,0.722769798576,0.0412124234664,3.20421770858
27,2.74283957178,1.4359891355,4.77033507494
28,0.379444647461,0.0216283966798,1.67921614173
29,0.734681763226,0.121805280031,2.28610084876
30,0.470860672293,0.0268353342125,2.08478350144
31,0,0,1.40343963301
32,0.703013681853,0.174273326899,1.83710775302
33,0,0,0.904924225631
34,0,0,0.411443631676
35,0,0,1.40343963301
36,0.810000955423,0.134011708215,2.53394808366
37,0,0,1.40343963301
38,0,0,0.411443631676
39,0,0,0.411443631676
40,0.427139866599,0.0243012767139,1.90017379237
41,2.72595275668,0.150571747186,14.3888354454