site,MLE,Lower,Upper
1,0,0,0.434490089314
2,2.70477024322,1.15325459944,5.30017002133
3,3.51891539419,1.61316653995,6.53713480544
4,0.809402811157,0.0673257112,2.82544594519
5,0,0,0.917629808006
6,0,0,0.541702602639
7,0,0,0.680700408336
8,0,0,0.694295433447
9,0,0,0.644373134684
10,0.321040506903,0.0183020854137,1.41999769201
11,0.299906852123,0.0171156842139,1.32134673851
12,4.46950745731,2.32265141923,7.68583501916
13,2.21147852267,0.845237662572,4.50180620336
14,0.572935924256,0.0950666087965,1.77854425357
15,0.467984032001,0.0266377462498,2.06734874203
16,0.913307835835,0.326385101932,1.97605204365
17,3.06486180793,1.31337723605,5.97187582372
18,0.281624939674,0.0160587604031,1.24462428257
19,0.76958117608,0.127806469672,2.38635135569
20,5.44875930823,3.05391060974,8.90915511338
21,0.168142359585,0.00958778999776,0.743114373982
22,0,0,0.694295433447
23,0.281128886145,0.0160290147091,1.24283807545
24,1.38477627193,0.428733467232,3.24398510448
25,11.5485876347,7.53673360944,16.9897650546
26,0.286416222235,0.0163315849437,1.26587810623
27,5.91475547994,3.3032355632,9.58885318486
28,0.23741042954,0.013544836851,1.04717968029
29,0.503995100865,0.0836706605002,1.55886276403
30,0.306583419155,0.0174927158116,1.35188236097
31,0,0,0.541702602639
32,1.3408624981,0.333384152276,3.48057742085
33,0,0,0.589219474212
34,0,0,0.81189892868
35,0,0,0.541702602639
36,0.647276452306,0.107398624243,2.00979330694
37,0,0,0.541702602639
38,0,0,0.81189892868
39,0,0,0.81189892868
40,0.32415767345,0.0184753957114,1.43505241822
41,2.81509816498,0.15942231223,12.8600613308