site,MLE,Lower,Upper
1,0,0,0.632664690805
2,1.90218538491,0.812349499547,3.71726596489
3,2.73327138623,1.24098577641,5.14406752175
4,0.246591667085,0.0140622437578,1.08968219662
5,0,0,0.473747265926
6,0,0,1.09397840169
7,0,0,0.620378200951
8,0,0,0.551055353666
9,0,0,1.47725622969
10,0.275343203283,0.0156618405677,1.22807242886
11,2.05848859212,0.117447627858,9.09169270073
12,3.37937805113,1.71499110384,6.00928819519
13,1.69545652463,0.604446634104,3.68866874691
14,1.14356427016,0.189764649414,3.54955589464
15,0.237726991596,0.0135521273982,1.05156294431
16,1.66680839292,0.594571117664,3.61733987312
17,1.90086839782,0.814701722261,3.69861538698
18,0.631431715455,0.0362083651719,2.74934376021
19,0.552375358818,0.0914831886418,1.72327582741
20,4.70635986066,2.49753452652,8.21747100598
21,0.325024037369,0.0185269226221,1.43821543098
22,0,0,0.551055353666
23,0.740618000982,0.0445559395258,3.00973696216
24,1.08247632736,0.333191137233,2.55942254061
25,10.4708840816,6.6211845085,15.9575961323
26,0.565507621651,0.0322349104822,2.50230680283
27,4.52088664628,2.39239286448,7.76019129674
28,0.318252792013,0.0181398014517,1.4086438788
29,0.623345856686,0.103333342595,1.94029475187
30,0.646880221789,0.0368587450681,2.86594797652
31,0,0,1.09397840169
32,0.60516048059,0.150065230012,1.58017651411
33,0,0,1.2513128634
34,0,0,0.362089345972
35,0,0,1.09397840169
36,0.591639173913,0.0978088099707,1.85265753471
37,0,0,1.09397840169
38,0,0,0.362089345972
39,0,0,0.362089345972
40,0.291016603923,0.0165481347286,1.29952654194
41,2.71157203453,0.151399480173,13.4083782039