site,MLE,Lower,Upper
1,0,0,1.78776186717
2,7.73526222394,3.27399615254,15.4431538214
3,10.2061568251,4.60111604716,19.5604297453
4,1.08834010974,0.0620428860525,4.81677232396
5,0,0,2.06980089775
6,0,0,1.78776186717
7,0,0,1.78776186717
8,0,0,0.0576656115391
9,0,0,1.78776186717
10,0.937102887873,0.0534115647859,4.15100501677
11,0.932422799411,0.0531458141492,4.12993913712
12,3.43057068934,1.5809109551,7.46257736723
13,0.215214540607,0.0667731572053,0.59170283984
14,1.88262215434,0.312111311887,5.86592764028
15,0.996447965082,0.0567629750443,4.4211658671
16,0.273383255414,0.0835563990853,0.822619461331
17,7.40733362202,3.14129299061,14.7626099549
18,0.934106399301,0.0532414174769,4.13750372448
19,0.109780112306,0.016447908658,0.452605987305
20,10.7922490341,5.41311991359,19.9959446614
21,0.0302125064192,0.00167837010063,0.14958459752
22,0,0,0.0576656115391
23,0.996447965103,0.0567629750443,4.4211658671
24,3.93068992333,1.21295696651,9.27895954285
25,32.2893889359,15.1714099359,62.5440780606
26,0.959267745056,0.0546623505227,4.25306442872
27,1.06378458483,0.494800343237,2.0977376569
28,0.946869240249,0.0539621534161,4.1961336223
29,1.97531944712,0.327474908042,6.18238495208
30,0.934106293158,0.0532414114654,4.13750324847
31,0,0,1.78776186717
32,3.01199962065,0.745605191705,7.91367370812
33,0,0,1.78776186717
34,0,0,1.78776186717
35,0,0,1.78776186717
36,1.9417482963,0.321879555216,6.05176562197
37,0,0,1.78776186717
38,0,0,1.78776186717
39,0,0,1.78776186717
40,0.952691252053,0.0542624712812,4.2320686617
41,4.96865138294,0.281122826818,23.3542637942