site,MLE,Lower,Upper
1,0,0,0.622234920196
2,1.78978620511,0.772286583388,3.46840967264
3,0.983877366799,0.447972938123,1.84267678119
4,0.233984552356,0.0133299741734,1.0351729405
5,0,0,0.447877281785
6,0,0,0.80143911327
7,0,0,0.682963709782
8,0,0,0.71313746121
9,0,0,0.330222625119
10,0.175892764445,0.0100284496182,0.777699997579
11,0.36576767745,0.0222071048541,1.48913633899
12,3.64090398254,2.03498472999,5.96406314491
13,2.56980588026,0.969551240689,5.37055349782
14,1.61445718226,0.488951189001,3.81946604019
15,0.301333274374,0.0186618367604,1.19979449264
16,6.47501454852,2.5130517909,13.176972315
17,1.93232461487,0.877062628544,3.63760468922
18,0.788796265888,0.129662634682,2.47102475068
19,0.810181066347,0.138482908019,2.42047091262
20,3.10835216918,1.77152621092,5.03188461866
21,1.08237803861,0.0622945013441,4.67845812042
22,0,0,0.71313746121
23,0.735397620438,0.119225380549,2.38102546269
24,0.836681482435,0.260556896294,1.94285183128
25,13.8332022875,8.77316648072,21.7673461607
26,0.796660177168,0.127051536424,2.51879403715
27,6.43587653456,3.52600095887,10.712682152
28,1.06936856214,0.060899085194,4.75087696556
29,2.53957013202,0.553262474789,7.12771224637
30,0.226257826703,0.0129828451646,0.983864220782
31,0,0,0.80143911327
32,0.712468487777,0.176148504297,1.87141812923
33,0,0,0.392362037348
34,0,0,0.429311889662
35,0,0,0.80143911327
36,0.374856458317,0.0622997929278,1.15999420329
37,0,0,0.80143911327
38,0,0,0.429311889662
39,0,0,0.429311889662
40,0.182613686061,0.0104174607774,0.805947134706
41,2.91528082075,0.166256399766,13.147004342