site,MLE,Lower,Upper
1,0.233687413076,0.0132459935425,1.06994559404
2,0,0,6659.2293715
3,0,0,3.76617191764
4,5.36405150135,1.63641655845,12.8438723915
5,8.40421649987,2.80147375696,19.2472937249
6,0,0,2.3820131907
7,0,0,2.74305737814
8,0,0,2.3820131907
9,5.01992706151,1.23390352327,13.4019187601
10,0,0,2.09581795349
11,3.23665007616,0.535183916789,10.1568544794
12,0,0,1.36806320462
13,1.18957352388,0.0675266951514,5.34494057574
14,0.644457703545,0.0353035893025,3.85094277944
15,1.2602930635,0.132273736215,4.67693386084
16,0.749711912668,0.0414366690002,3.86204452625
17,0,0,1.67301306792
18,0,0,1.53803398148
19,0,0,2.610911522
20,0,0,1.08087860834
21,1.75788961116,0.267168349481,6.26526367135
22,0,0,0.576148498529
23,1.06835112178,0.159430283774,4.42847326247
24,1.19816830756,0.198078596007,5.13137513389
25,2.35501176532,0.599027190823,8.52121807103
26,1.13159970817,0.0713111020909,4.99709833706
27,0.366690214997,0.0205539502418,1.94501540259
28,0.568603761007,0.0902883645317,2.24846804883
29,3.03202811491,0.950335850075,8.16063630414
30,1.26474971787,0.185495782393,5.207609002
31,0.460986820865,0.0724907982952,1.80439211733
32,8.52439508238,3.14725612026,18.9598765164
33,0.935730480546,0.157262658908,3.33587019636
34,0.651394873318,0.0396135879545,3.05493705142
35,1.16834854848,0.180582049308,4.3670003774
36,2.49035347398,0.643833967607,7.35266901815
37,0.557562170044,0.0894800145029,2.19633277684
38,0.743161868446,0.11466660118,2.8959156429
39,1.1889602715,0.188057787892,4.37862232106
40,0,0,1.16898365031
41,302.407407407,0.29475259686,6659.22615113
42,0,0,1.1952474312
43,0.810023421131,0.0372850911771,6659.22931854
44,302.407407407,0.249421806531,6659.22615113
45,1.20881449051,0.0455056160025,6659.22936747
46,0,0,1.08017242756
47,0,0,6659.2293715
48,0,0,6659.2293715
49,0,0,6659.2293715
50,0,0,6659.2293715
51,0,0,6659.2293715
52,0,0,6659.2293715
53,0,0,6659.2293715
54,0,0,6659.2293715
55,0,0,6659.2293715
56,0,0,6659.2293715
57,0,0,6659.2293715
58,0,0,6659.2293715
59,0,0,6659.2293715
60,0,0,6659.2293715
61,0,0,6659.2293715
62,0,0,6659.2293715
63,0,0,6659.2293715
64,0,0,6659.2293715
65,0,0,6659.2293715
66,0,0,6659.2293715
67,0,0,6659.2293715
68,0,0,6659.2293715