site,MLE,Lower,Upper
1,0.137956500436,0.00737978929123,0.936360235718
2,0,0,1264.27143911
3,0,0,1.78029668661
4,4.61581764931,1.49922435566,10.5929520987
5,4.87060967592,1.6727557193,11.0385556675
6,0,0,1.92943745617
7,0,0,1.38433735132
8,0,0,1.92943745617
9,0.726338383758,0.179791827799,1.92099616087
10,0,0,1.46814728311
11,1.93606863942,0.316051786033,6.27222210182
12,0,0,7.993787374
13,1.4995070032,0.128333138647,5.34589564539
14,0.185660171482,0.00993639951267,1.63060735249
15,0.41108885374,0.0215047126752,2.57348197249
16,0.869183444292,0.0877273914077,4.18245595817
17,0,0,0.458404512277
18,0,0,0.525321074432
19,0,0,1.41825513455
20,0,0,0.417634983212
21,1.48769159678,0.206050087215,6.2536140359
22,0,0,0.325244402078
23,1.11368419692,0.270372934622,3.32315851105
24,0.409452084114,0.0799127533079,2.31065052768
25,0.394723454214,0.072511988435,3.99047038199
26,0.293768958064,0.0159044154723,3.01261619853
27,0.758038124644,0.042479158572,8.14059298045
28,2.2536636055,0.278876824444,11.3124076044
29,0.784427247646,0.153640124468,3.27632752856
30,0.571155254944,0.103804524422,2.56830753553
31,2.28139125731,0.335858197858,11.3337712425
32,4.3021715187,1.65343588737,9.4575914264
33,3.06453924605,0.560055226954,15.049498169
34,0.191009780955,0.0097513771054,1.8611225812
35,0.927432029771,0.23439594982,3.28479280153
36,0.322859643868,0.0682885607014,2.3001564221
37,14.9204953335,0.661566869962,40.9388872075
38,2.99657538764,0.536691166304,14.9601372311
39,0.59564453274,0.135213293589,2.25338121641
40,0,0,0.173583289822
41,0.322933992304,0.0120376327579,1264.27142999
42,0,0,0.0235114280881
43,1.12371305478,0.0574985876474,1264.27137361
44,0.985112233898,0.00138713808865,1264.27153026
45,0.749375573712,0.0624291195222,1264.27143272
46,0,0,0.467582743621
47,0,0,1264.27143911
48,0,0,1264.27143911
49,0,0,1264.27143911
50,0,0,1264.27143911
51,0,0,1264.27143911
52,0,0,1264.27143911
53,0,0,1264.27143911
54,0,0,1264.27143911
55,0,0,1264.27143911
56,0,0,1264.27143911
57,0,0,1264.27143911
58,0,0,1264.27143911
59,0,0,1264.27143911
60,0,0,1264.27143911
61,0,0,1264.27143911
62,0,0,1264.27143911
63,0,0,1264.27143911
64,0,0,1264.27143911
65,0,0,1264.27143911
66,0,0,1264.27143911
67,0,0,1264.27143911
68,0,0,1264.27143911