site,MLE,Lower,Upper
1,0.306093921854,0.0173085516647,1.43003471955
2,0,0,5956.60371013
3,0,0,1.82711796052
4,5.23834292105,1.60899453961,12.4575650833
5,6.46574595539,1.97461503144,15.6217864192
6,0,0,2.20447246699
7,0,0,6.00038230973
8,0,0,2.20447246699
9,4.05323372083,0.987992531222,11.1122235443
10,0,0,2.2160820618
11,1.84660507205,0.303539282546,5.9054215899
12,0,0,2.5439673337
13,1.33208355803,0.0752824909533,6.0980811925
14,0.536015047705,0.0280467861737,3.24720422456
15,0.647203871259,0.0370236447294,3.13574928176
16,1.33462041443,0.0951883897371,5.43336401006
17,0,0,0.831808139247
18,0,0,0.679428250323
19,0,0,2.15800628244
20,0,0,2.34752575192
21,5.2511161889,0.83873102299,19.3027581721
22,0,0,1.04901483023
23,0.751371035061,0.11393089906,2.94717438325
24,0.672194925672,0.0991202522923,3.19408809269
25,2.05223066687,0.435875570724,7.16155807259
26,1.0457691346,0.0946812625196,4.38677474709
27,0.475417008056,0.0256254581593,3.16502738896
28,0.756033765582,0.117785898352,2.9542018199
29,2.19873313726,0.513350826849,7.137918526
30,0.77665978094,0.138433938829,2.73745238252
31,0.773983100479,0.119808462971,3.05885769108
32,9.8903866436,2.50266084012,27.7022253045
33,1.41412485024,0.292890722951,4.58308413852
34,0.265495057573,0.0140367411662,1.58264947608
35,1.21150157282,0.243674853041,3.95619094031
36,3.32198257771,0.922206151023,10.6975655245
37,0.743161868446,0.107762403403,4.37455494581
38,0.950118083866,0.156446899822,3.44311494362
39,1.03275248123,0.162909737182,3.72134869598
40,0,0,2.06893694873
41,2.05848859212,0.0595419197118,5956.60382402
42,0,0,1.02760155186
43,383.55617174,0.28398367582,5956.61286488
44,0.448647370989,0.0234070343125,5956.60367223
45,383.55617174,0.179573888157,5956.61286488
46,0,0,1.29977627075
47,0,0,5956.60371013
48,0,0,5956.60371013
49,0,0,5956.60371013
50,0,0,5956.60371013
51,0,0,5956.60371013
52,0,0,5956.60371013
53,0,0,5956.60371013
54,0,0,5956.60371013
55,0,0,5956.60371013
56,0,0,5956.60371013
57,0,0,5956.60371013
58,0,0,5956.60371013
59,0,0,5956.60371013
60,0,0,5956.60371013
61,0,0,5956.60371013
62,0,0,5956.60371013
63,0,0,5956.60371013
64,0,0,5956.60371013
65,0,0,5956.60371013
66,0,0,5956.60371013
67,0,0,5956.60371013
68,0,0,5956.60371013