site,MLE,Lower,Upper
1,0.244999736053,0.0138095793622,1.16531155048
2,0,0,4914.55197549
3,0,0,2.05746274628
4,4.91857084428,1.5076802298,11.7463430427
5,6.34396142871,1.93122802812,15.4045903336
6,0,0,1.75972169777
7,0,0,5.52958573401
8,0,0,1.75972169777
9,3.74307569353,0.908329364542,10.3163811846
10,0,0,2.07147176596
11,1.84737271507,0.303909742825,5.88635982838
12,0,0,1.70971719066
13,1.49140174437,0.0844193461231,6.79267635861
14,0.652472362833,0.0349635822832,3.86441545251
15,0.466299432829,0.0259378154255,2.37588289248
16,1.1901852444,0.0633593737661,5.40982851927
17,0,0,0.844468923153
18,0,0,0.722147546358
19,0,0,3.27743698075
20,0,0,1.57080564023
21,3.6565997912,0.535660865408,15.5586745806
22,0,0,1.203967611
23,0.937704126843,0.160013910891,3.63548956886
24,0.872448240703,0.122119581046,4.5880009316
25,2.33587843369,0.517157913636,9.53942098588
26,1.03016638469,0.075338796188,3.73734279143
27,0.507726097743,0.0273098312564,3.57122705797
28,0.650834082308,0.0854008242282,2.95059040652
29,2.89413662576,0.799413385126,9.23324673315
30,0.689070799387,0.113713205143,2.82888803603
31,0.812266597754,0.113095168382,3.11500871713
32,10.6965743328,3.17867385442,25.7814759839
33,1.73868736029,0.385576135337,5.73445664939
34,0.233984552356,0.012817581295,1.2935024851
35,0.994932453392,0.21023753576,3.15968310394
36,2.8349508871,0.778193086325,9.11903462256
37,0.794540022952,0.118456891129,4.98750745166
38,1.03850201896,0.161864892802,4.25837601885
39,0.869183444292,0.133702631679,3.10665656078
40,0,0,1.83061535231
41,5.14781907947,0.0898394669294,4914.55202802
42,0,0,0.733663083674
43,79.6300720131,0.23558494984,4914.54510432
44,0.346164890183,0.0177333629673,4914.55194397
45,79.6300720131,0.204263181639,4914.54510432
46,0,0,1.096250377
47,0,0,4914.55197549
48,0,0,4914.55197549
49,0,0,4914.55197549
50,0,0,4914.55197549
51,0,0,4914.55197549
52,0,0,4914.55197549
53,0,0,4914.55197549
54,0,0,4914.55197549
55,0,0,4914.55197549
56,0,0,4914.55197549
57,0,0,4914.55197549
58,0,0,4914.55197549
59,0,0,4914.55197549
60,0,0,4914.55197549
61,0,0,4914.55197549
62,0,0,4914.55197549
63,0,0,4914.55197549
64,0,0,4914.55197549
65,0,0,4914.55197549
66,0,0,4914.55197549
67,0,0,4914.55197549
68,0,0,4914.55197549