site,MLE,Lower,Upper
1,0.00759771134744,0.000407637104544,0.714057512929
2,0,0,187.358224053
3,0,0,0.935668880314
4,6.3736253653,1.95835304882,15.1434526899
5,4.11185353897,1.2463451475,10.0418106593
6,0,0,1.57334629301
7,0,0,3.23164160862
8,0,0,1.57334629301
9,4.5999216886,1.12713811407,12.326194257
10,0,0,2.7086484552
11,1.3408624981,0.219413426088,4.34309692565
12,0,0,0.555626651293
13,1.69931146469,0.0961946839753,7.71079736062
14,0.699449346939,0.00854516326829,3.68178340768
15,0.133180629124,0.00599471969343,1.79315402176
16,0.828341579916,0.110306467225,5.82823404861
17,0,0,0.113937625317
18,0,0,0.0989731233455
19,0,0,2.07019572621
20,0,0,0.163417770353
21,4.69712156903,0.402466121064,20.8780686593
22,0,0,0.075059031187
23,0.0741533241748,0.00974008127251,1.37752265321
24,1.14474869743,0.0144401983377,5.6036317361
25,2.25911501933,0.311379078608,7.77351555407
26,0.155013164846,0.0196657358938,1.09568912721
27,0.856703186769,0.00260563609464,3.87166663691
28,0.0988710827796,0.0119222776612,0.637348195345
29,1.16329862478,0.105335330679,5.6078906954
30,0.0788576278606,0.0118337993591,0.974482941561
31,0.0997105735685,0.0166734384628,0.628811708863
32,8.09024936506,2.67152816765,20.1700218094
33,0.246812993595,0.0339763785503,1.94853190113
34,0.0175715533625,0.000856212686041,0.280767143585
35,0.139202164639,0.0276936928818,1.6845225617
36,0.993719855136,0.106232585413,4.4115538275
37,1.73866835157,0.223411817729,5.56423319891
38,0.139915605029,0.0100510522244,1.72900344518
39,0.142424335498,0.0214653521936,1.48742595824
40,0,0,187.358224053
41,3.43502303139,0.0116083679665,187.358237773
42,0,0,0.0700586352438
43,3.43501233169,0.0340566084918,187.357985574
44,3.43519769391,0.00358957424226,187.358313547
45,3.43501044405,0.0212827909958,187.358220565
46,0,0,0.0383775234512
47,0,0,187.358224053
48,0,0,187.358224053
49,0,0,187.358224053
50,0,0,187.358224053
51,0,0,187.358224053
52,0,0,187.358224053
53,0,0,187.358224053
54,0,0,187.358224053
55,0,0,187.358224053
56,0,0,187.358224053
57,0,0,187.358224053
58,0,0,187.358224053
59,0,0,187.358224053
60,0,0,187.358224053
61,0,0,187.358224053
62,0,0,187.358224053
63,0,0,187.358224053
64,0,0,187.358224053
65,0,0,187.358224053
66,0,0,187.358224053
67,0,0,187.358224053
68,0,0,187.358224053