site,MLE,Lower,Upper
1,0,0,10000
2,0,0,10000
3,0,0,0.789556510007
4,0,0,0.526818021766
5,0.328005144595,0.0188768496616,1.43745619057
6,0,0,0.551092418706
7,2.0434693908,0.746752411204,4.35990871805
8,0.259671943216,0.0144965113313,1.21401727874
9,7.68531984128,2.90034083291,16.2368402913
10,1.55447602542,0.54481711145,3.49029648888
11,1.99226938814,0.552101383393,5.00042275206
12,5.389944298,2.27034167814,11.2330873817
13,2.78639428995,0.939853281996,6.36546635847
14,0,0,0.548296756045
15,1.1913073212,0.291825346647,3.29724334581
16,0.779402707747,0.190418071298,2.10280505074
17,0.499083074711,0.0827556376535,1.56173634623
18,3.01189112139,0.534623759365,9.17684381551
19,0.588823836128,0.0913840731348,1.96706607529
20,8.25602778022,3.28670033276,17.0556492704
21,0.280660687601,0.0159188905504,1.26728184029
22,0,0,1.01432550602
23,0,0,0.496579643965
24,0,0,0.551092418706
25,0.877361944079,0.235218523712,2.22867827226
26,0.260733208358,0.0147925876018,1.17504581844
27,0.300274869973,0.0170673834644,1.34839784031
28,0.935412825141,0.229997869748,2.50673180577
29,3.10815399236,0.512951989859,9.91697039297
30,0,0,1.01432550602
31,0.642828873413,0.111342115604,1.93976242271
32,0,0,0.415816754132
33,0.616105207422,0.0999618520864,2.02878953079
34,2.10190479099,1.05038643165,3.80588427441
35,1.38476303602,0.523185976394,2.90157982656
36,0.422387429214,0.054645250974,1.38550846516
37,0.329522757844,0.0184396350869,1.5624308419
38,0,0,0.241006628341
39,0.328639214437,0.022079295818,1.24874360592
40,0,0,3.19254894857
41,0.511013716638,0.0600074068285,1.70551411036
42,0.246323136744,0.0139850570595,1.1063777544
43,0,0,0.53345373063
44,0.403267623283,0.0234581691785,1.74535765542
45,0.553292792108,0.168701748401,1.31414792397