site,MLE,Lower,Upper
1,0,0,10000
2,0,0,10000
3,0,0,0.855159478443
4,0,0,1.0107717475
5,0.385369146343,0.0219360003253,1.71513356131
6,0,0,0.925194330998
7,1.66536487519,0.508565731503,3.98971967251
8,0.521073686871,0.0293679526463,2.42021258505
9,1.69524472536,0.592117939706,3.84205666172
10,2.52198307612,0.890551051953,5.59374641444
11,0.954307206436,0.231753061273,2.6150471717
12,2.83180441702,1.10731517276,5.92683631132
13,1.3425013659,0.403022045186,3.35869568177
14,0,0,0.615512085064
15,1.46623731864,0.363023570425,3.84840529626
16,1.50854272494,0.367462954575,4.1331228013
17,1.25239456226,0.205515913367,4.00998659398
18,0.640662703561,0.105294258698,2.04386664514
19,0.348972273226,0.0198502141463,1.55632726348
20,2.52003017606,0.772580259659,6.01297656198
21,0.385908217227,0.0219676962408,1.71724213195
22,0,0,2.1003499972
23,0,0,1.35433108159
24,0,0,0.925194330998
25,1.86618875783,0.454776176137,5.07132358109
26,0.704531553839,0.0400219923799,3.14857765788
27,0.384916881553,0.0219112706431,1.71286413642
28,1.47249561578,0.361452350232,3.93619790621
29,1.1708848987,0.193150250624,3.68837765088
30,0,0,2.1003499972
31,0.839343042497,0.138958274641,2.62205401258
32,0,0,1.9853346248
33,0.686491717106,0.113152858012,2.17244862454
34,6.32319903141,3.20783388963,11.2387344436
35,2.47993695163,0.87853836531,5.45239514102
36,0.61159513927,0.034654548946,2.76913733781
37,0.477833081063,0.027089502527,2.15767238911
38,0,0,0.896797643153
39,1.00775520181,0.0573620384681,4.48043263263
40,0,0,1.14027724626
41,0.773983100479,0.05198367164,2.95485916115
42,0.520377599744,0.0295409998814,2.33814546241
43,0,0,0.997056538795
44,0.673319722699,0.038101662567,3.05199137104
45,1.53739294524,0.378561629353,4.08381177087