site,MLE,Lower,Upper
1,0,0,10000
2,0,0,10000
3,0,0,0.89567649262
4,0,0,1.05819829653
5,0.403580960866,0.0229761083545,1.79505638954
6,0,0,0.968592450694
7,1.73868736029,0.531022615023,4.15147397642
8,0.54640913005,0.0308252704762,2.52649503712
9,1.7709286291,0.619353773124,4.00512486969
10,2.63344111552,0.930188090738,5.83315785728
11,0.995400084119,0.242184138314,2.71900182964
12,2.94478310911,1.15212293965,6.1585633393
13,1.40020926008,0.420842130162,3.48651548465
14,0,0,0.644491708566
15,1.54911092653,0.383781562975,4.0623904143
16,1.58277295484,0.385789589809,4.31063355511
17,1.30757600112,0.214726165151,4.17779322743
18,0.670885216713,0.110271321949,2.13739988107
19,0.36349723684,0.0206794061385,1.62032068497
20,2.63223108943,0.807889561598,6.26916705227
21,0.40416085885,0.0230102639658,1.79731978067
22,0,0,2.19919940218
23,0,0,1.41806986435
24,0,0,0.968592450694
25,1.94925614915,0.475729086972,5.28272977287
26,0.737271733983,0.0419131724271,3.29397835152
27,0.403103702379,0.0229500065969,1.79257780083
28,1.53929643514,0.377999703702,4.10693390173
29,1.22423806992,0.20212421502,3.85326250427
30,0,0,2.19919940218
31,0.875724461938,0.145119156284,2.73630928137
32,0,0,2.07920771361
33,0.718718548861,0.118449609607,2.26872406751
34,6.53273041296,3.31345148887,11.6055071832
35,2.57030252638,0.910665234258,5.6483614838
36,0.639658786513,0.0362891638222,2.89369090839
37,0.500080933117,0.0283620155406,2.25475744301
38,0,0,0.938915846432
39,1.05472003617,0.0600407635622,4.6877568244
40,0,0,1.19400053265
41,0.802065617714,0.0530460154993,3.08038421369
42,0.544657014863,0.0309282734107,2.44452672306
43,0,0,1.04419054332
44,0.708146702181,0.0401082087056,3.20551132996
45,1.60605087347,0.39557735103,4.25849071799