site,MLE,Lower,Upper
1,0,0,10000
2,0,0,10000
3,0,0,0.500038151743
4,0,0,2.26507724116
5,0.323197869375,0.0183223597904,1.46159311017
6,0,0,0.67936602941
7,1.49903852588,0.455916544358,3.61947326948
8,0.593522871326,0.033463769298,2.78520025623
9,1.051720728,0.371682924929,2.32985759396
10,1.86925853424,0.657272762491,4.17818583588
11,0.941550728735,0.228306745424,2.58126442357
12,3.0451590019,1.18896482945,6.36121595585
13,1.34527355935,0.402674864186,3.35975885402
14,0,0,0.725318229296
15,2.64487176228,0.655231310667,6.92975046004
16,1.79066392591,0.434349980135,4.96226108882
17,1.45187633661,0.235946141894,4.75675342202
18,0.397604245647,0.0656873836283,1.24945240066
19,0.40631135198,0.0231074239454,1.81313593981
20,2.46603355349,0.755604193088,5.89543170727
21,0.321537629837,0.0182296113916,1.45364304875
22,0,0,2.64333705116
23,0,0,1.25522182553
24,0,0,0.67936602941
25,2.26819800158,0.545665110745,6.32568062618
26,0.653965001519,0.0371282769412,2.92897481281
27,0.322280280559,0.0182710452741,1.45722667661
28,1.12155535623,0.275285755945,2.99844013665
29,1.13421406325,0.18722883158,3.57310590048
30,0,0,2.64333705116
31,2.01444079474,0.333891732908,6.27397459047
32,0,0,2.14265272412
33,0.782210337466,0.128999780697,2.47111461542
34,14.6481405929,7.28211788112,26.2602461062
35,5.57147406103,1.97957775804,12.1846984014
36,0.704531553839,0.0396877501925,3.2445664982
37,1.72981457334,0.09868672719,7.63392462476
38,0,0,1.13171780638
39,1.08752615243,0.0618531990647,4.84776584105
40,0,0,1.08867138872
41,1.64008542297,0.109178142804,6.28134188304
42,1.07206788442,0.0609377312177,4.79153058536
43,0,0,1.15076156528
44,1.2602930635,0.0716113694213,5.62626497406
45,1.83731658951,0.453429126047,4.85223232468