site,MLE,Lower,Upper
1,0,0,4.73422615647
2,0,0,7.6560810773
3,6.87550712658,1.0841056584,26.7847954223
4,0,0,0.744649282888
5,0,0,0.876192878452
6,0,0,0.801908072293
7,0,0,1.01278865748
8,0,0,0.526244329282
9,0,0,1.17557698954
10,0.334493920113,0.0190793860443,1.48004855881
11,0,0,0.990370481368
12,0.526586653367,0.0299588523579,2.34668542287
13,0.540505397477,0.0307557975793,2.40736856892
14,0,0,0.526244329282
15,0.951557952749,0.235737924992,2.49085784224
16,0,0,0.64206178526
17,0.484035766398,0.0275001428361,2.1548290824
18,0,0,1.82318212847
19,0,0,0.493603588071
20,1.10733001466,0.339849095927,2.63582259053
21,0.51515214159,0.029355665953,2.282147262
22,0.514223108439,0.0292994023769,2.27889714234
23,1.24460097804,0.30752351149,3.26776491925
24,0.260060063309,0.0147852862909,1.16207286701
25,0.516249135991,0.0294183107505,2.28696750809
26,0.522674606602,0.0297831517709,2.31571912816
27,0,0,0.799660959576
28,1.84543001806,0.568803075091,4.34895481647
29,0.905043041578,0.0516069685178,3.9992940714
30,0,0,1.72698009998
31,2.36335502675,1.00621506007,4.64518947951
32,1.48622551395,0.525855009027,3.27659159121
33,0,0,10000
34,0,0,10000
35,0,0,10000
36,7.07657809072,3.21297273191,13.3443308424
37,3.28484107754,1.56747839229,5.99444126922
38,0.971606754456,0.240406986654,2.55044469094
39,2.42567925641,0.862741120423,5.27509183539
40,10.9174831444,6.47153863698,17.682914796
41,0.416584656633,0.0237183804766,1.85610850033
42,5552.71445596,3.93993527615,10000
43,0,0,16.7124475331