site,MLE,Lower,Upper
1,0,0,3.43478489544
2,0,0,5.82815402517
3,8.90307069686,1.42706554586,50.8089856333
4,0,0,0.563642572658
5,0,0,0.700437484412
6,0,0,0.843851981017
7,0,0,0.794130837101
8,0,0,0.416674952523
9,0,0,0.764422979988
10,0.599163974421,0.0341450866544,2.65621679365
11,0,0,0.570282903479
12,0.414921859298,0.0236417106218,1.83842506215
13,0.424708099854,0.0241866240313,1.8804753603
14,0,0,0.416674952523
15,1.71815281524,0.426920596518,4.47384322785
16,0,0,1.14544162664
17,0.424710525057,0.0242100655908,1.88234013735
18,0,0,0.703105400298
19,0,0,0.900997569827
20,2.1380968955,0.663855227425,4.96506832052
21,0.300569683571,0.0171460428966,1.32641129653
22,0.309531488866,0.0176611789048,1.36496258571
23,1.4240973523,0.352412777529,3.73371209816
24,0.478394585658,0.0272774170502,2.11452850533
25,0.300750333601,0.017155635868,1.32740412708
26,0.302285616806,0.0172430406753,1.33422858782
27,0,0,0.883199745257
28,1.53283852882,0.473280263743,3.60248839036
29,0.437818338301,0.0249632356164,1.93683953735
30,0,0,0.836303072664
31,5.2819268344,2.44085804901,9.66757146451
32,1.57958863545,0.580180275589,3.32341611902
33,0,0,10000
34,0,0,10000
35,0,0,10000
36,4.84785269772,2.33434587113,8.70165514795
37,7.03395886289,3.50939813762,12.4345085759
38,1.57056708266,0.389943721859,4.08014918353
39,2.35321993848,0.842748837661,5.08320397787
40,11.9406890547,7.28205689785,18.7045035158
41,0.697492347469,0.0398095140102,3.08204449507
42,32.0301209507,2.61322120596,10000
43,0,0,15.277896015