site,MLE,Lower,Upper
1,0,0,10.3259047549
2,0,0,8.7049644489
3,23.1536314349,3.2701410882,146.629367938
4,0,0,1.49463597167
5,0,0,0.999500722826
6,0,0,1.04730482297
7,0,0,0.809878351761
8,0,0,4.56948395201
9,0,0,0.942185405453
10,0.571155254944,0.0326893280028,2.51482073681
11,0,0,6.09171077177
12,0.427747888142,0.0243704906253,1.8922275193
13,0.425316477919,0.0242407476398,1.88236731141
14,0,0,4.56948395201
15,1.79524832763,0.444832987023,4.71252517616
16,0,0,1.01404661554
17,0.438973820811,0.0250092764222,1.94633952924
18,0,0,1.92485490225
19,0,0,1.71371704456
20,6.21992733338,2.38181715043,12.7870201308
21,3.18004513114,0.182072622311,14.0007675086
22,3.15992450673,0.182153229314,13.875067388
23,1.69017769885,0.418675419585,4.43066980148
24,1.25339417498,0.0800890821411,4.90647460587
25,3.18863445227,0.182213637652,14.0124368574
26,4.73170151493,0.711918813901,15.4574292798
27,0,0,1.63964890358
28,2.01146677701,0.621024892625,4.72212944167
29,0.462546507381,0.0265558789776,2.00885894889
30,0,0,0.792583501603
31,0.567593198937,0.243336996697,1.10194003182
32,12.2969436458,4.74282283771,25.6766893677
33,0,0,10000
34,0,0,10000
35,0,0,10000
36,4.08576259385,1.92548832584,7.47795301571
37,5.56382847738,2.71989745187,10.0204153798
38,0.218977251666,0.054436356477,0.568354758101
39,0.748401115523,0.268238728364,1.6131241735
40,5.21918230637,3.13205097038,11.3589930112
41,0.0969153875796,0.00553065955837,0.427084435644
42,36.3428341327,1.25495250345,10000
43,0,0,2.23270988346