site,MLE,Lower,Upper
1,0,0,0.235993177366
2,0,0,1.5645538313
3,0.722769798576,0.112407474354,3.56786637886
4,0,0,0.0284855223806
5,0,0,0.128902891098
6,0,0,0.0386049840644
7,0,0,0.0764269311747
8,0,0,0.0209100949171
9,0,0,0.0713695885307
10,0.0182747678111,0.00103940566369,0.0815423261552
11,0,0,0.0619747496084
12,0.0398731460578,0.00226029614099,0.18004550688
13,0.0408483943898,0.00231579274632,0.18438344557
14,0,0,0.0209100949171
15,0.0674560627283,0.0166889955066,0.177144737585
16,0,0,0.035017473813
17,0.0363695390772,0.00206399923859,0.163625782617
18,0,0,0.150555434921
19,0,0,0.0320330219172
20,0.0745438673038,0.0227744697803,0.178875078458
21,0.0322761040129,0.00183888806473,0.143090368573
22,0.0323037829856,0.00184017005067,0.143298239032
23,0.0620272186017,0.0153237859658,0.16339144648
24,0.0168961393302,0.000959068288288,0.075933881506
25,0.0323327098673,0.00184208769579,0.143348457448
26,0.0331576942383,0.00188914600928,0.146996345449
27,0,0,0.178640291831
28,0.260858203375,0.0805058046542,0.61285344893
29,0.0655675384622,0.00373846815946,0.289862854559
30,0,0,0.121999292875
31,0.567734403181,0.253248513473,1.07806384379
32,0.0615664323152,0.021901717658,0.134520525329
33,0,0,4155.29965438
34,0,0,4155.29965438
35,0,0,4155.29965438
36,0.526012737962,0.237514559773,0.997587079457
37,0.215729585743,0.101769322928,0.401281307704
38,0.206651407133,0.0512055761122,0.539956887072
39,0.383227610088,0.139492103108,0.816816260796
40,0.900630377947,0.54680433255,1.41333312744
41,0.0910863147241,0.00518922091407,0.40378392397
42,302.407407407,1.02252062066,4155.30847998
43,0,0,2.4237801747