site,MLE,Lower,Upper
1,0,0,2.90631339372
2,0,0,18.2837052204
3,8.43434859689,1.314862238,39.9333021635
4,0,0,0.420992350498
5,0,0,1.90472591763
6,0,0,0.570318914099
7,0,0,1.12782191459
8,0,0,0.308951504383
9,0,0,1.0544474776
10,0.270032422585,0.0153663006982,1.20250883521
11,0,0,0.915827644808
12,0.588823836128,0.0333948553681,2.64840889765
13,0.600705198786,0.0340876484523,2.70210862282
14,0,0,0.308951504383
15,0.992629166934,0.245768357739,2.60157888357
16,0,0,0.517214942103
17,0.542696032522,0.030819943717,2.43489892822
18,0,0,2.22496344929
19,0,0,0.472866320985
20,1.08314710948,0.331586611075,2.59033392613
21,0.477140884187,0.0271801818808,2.11235481083
22,0.477303846603,0.0271970873038,2.11498181434
23,0.91713364306,0.226713498916,2.409891458
24,0.24894912194,0.0141435750193,1.1157247236
25,0.477639254576,0.0272196397526,2.11552344891
26,0.488643401745,0.0278432167385,2.16363740087
27,0,0,2.64041025821
28,3.82820721717,1.182385817,8.98084441311
29,0.967174778055,0.0551538791091,4.2735303799
30,0,0,1.80285868245
31,8.19717052492,3.64496518713,15.6006411737
32,0.912859988267,0.325491785609,1.98598852346
33,0,0,10000
34,0,0,10000
35,0,0,10000
36,7.66485290822,3.46681501599,14.4998869901
37,3.05056099493,1.44206747431,5.65844807633
38,3.04510982829,0.755573775948,7.95222147208
39,5.56639808238,2.02413411655,11.8728528788
40,12.0153533212,7.25997112315,19.0054226688
41,1.32059462401,0.0752556505525,5.84851269658
42,5119.0,13.7627154964,10000
43,0,0,32.9144513726