site,MLE,Lower,Upper
1,0,0,0.273202678556
2,0,0,1632.8090007
3,0,0,1632.8090007
4,0.0649536316884,0.00361927266846,0.316780862913
5,0.582805447045,0.064876517114,2.08767397841
6,1.92484480654,0.988294379434,3.40861071796
7,2.62687448206,0.940568476259,7.57746567771
8,0.800772461963,0.314842857996,1.69822356689
9,0.158124689936,0.0091055680049,0.683035797611
10,0.847554450681,0.409636072031,1.56135501998
11,0.362620487549,0.0204681097141,1.66499703497
12,1.83708297847,0.589573113925,4.36534139463
13,0.614097341409,0.228421436939,1.3764050542
14,0.374429039576,0.0619388949818,1.17102460343
15,6.55612806449,3.35329780201,11.5083586121
16,1.79149216487,0.621209571603,4.16052466163
17,0.388804460688,0.0706368498838,1.12214321958
18,1.57679463877,0.527024842305,4.35769839841
19,0.76958117608,0.182927963479,2.32894955074
20,0.165847422116,0.026915990557,0.532501353096
21,1.40966144079,0.466169648961,3.6191831118
22,1.00397516505,0.214671366012,2.98790784795
23,2.82349888332,0.88698248085,7.71074836753
24,3.1833650328,1.15210600062,6.86481231758
25,2.35157717481,0.816217724872,5.47146512012
26,1.15258143979,0.478972713602,2.30935352829
27,3.2531763134,1.67183287554,5.92547360789
28,0.480982464097,0.196527420427,1.00376959119
29,0.947460598366,0.443138670311,1.82077393205
30,0.432117214296,0.0812693274485,1.28128843565
31,3.13737631685,1.69526550973,5.33380116318
32,0.0927309696629,0.00510923889782,0.492058668785
33,0.14236958431,0.00797682190866,0.678757985628
34,6.6341181941,3.17222084725,12.011189891
35,0.352511336336,0.0634308576639,1.09703871075
36,0.677211122099,0.191928883711,1.90948095379
37,0.132251482995,0.0072543597218,0.696506001845
38,1.72449985207,0.491689701241,5.79632846142
39,0.541360398532,0.08556876117,1.79842889073
40,2.69057815841,0.935597772655,6.25230873757
41,9.38544194763,0.176204346365,1632.80926109
42,0.188960708814,0.00849637059397,1632.80899216
43,0.332607642574,0.0156242511456,1632.80898424
44,0,0,1632.8090007
45,0,0,1632.8090007
46,0,0,1632.8090007
47,0,0,1632.8090007
48,0,0,1632.8090007
49,0,0,1632.8090007
50,0,0,1632.8090007
51,0,0,1632.8090007
52,0,0,1632.8090007
53,0,0,1632.8090007
54,0,0,1632.8090007
55,0,0,1632.8090007
56,0,0,1632.8090007
57,0,0,1632.8090007
58,4.89980418545,0.0907215370807,1632.80868431