site,MLE,Lower,Upper
1,0,0,1.14990170119
2,0,0,2882.34665431
3,0,0,2882.34665431
4,0.211743228317,0.0117957620729,1.01370793903
5,0.286276038421,0.0162078605505,1.2682544584
6,2.19047428678,1.06269725041,3.98840608225
7,1.30759518389,0.47510666976,3.00721868621
8,0.949162576399,0.3676537464,2.02108452857
9,0.118417491648,0.00666978721895,0.543946749804
10,1.63646523421,0.781168679332,3.06476899389
11,0.172828772513,0.0097461386591,0.803348365796
12,1.20045074858,0.378089472004,2.79330339877
13,0.884195215615,0.32003232905,1.93761201665
14,0.544836586745,0.0855220396177,2.08214564634
15,3.69401476017,1.92341118101,6.46691400524
16,1.28247430058,0.440770934478,2.85588454575
17,0.419048327153,0.0593049451094,1.72609389645
18,0.882152446471,0.297402248386,2.07124800065
19,0.743462144653,0.208170433017,2.09455816549
20,0.212812528134,0.0350322108857,0.681128518744
21,0.705586351518,0.204344835822,1.85490173325
22,0.242077245826,0.0367234879415,0.95293366315
23,1.65052675337,0.660929529399,3.40840052151
24,1.72703391372,0.639625287227,3.8151148468
25,1.06893854568,0.364451974618,2.41654626298
26,1.52205960209,0.632948786544,3.07223138116
27,3.74082657867,2.03641239213,6.41487128194
28,0.966012993358,0.402553321241,1.99551744047
29,1.16610310505,0.520673917539,2.27678490199
30,0.61080011722,0.113950038673,2.10730512741
31,3.03618985353,1.5839746735,5.29922748903
32,0.0980888386708,0.00545842362561,0.491961866369
33,0.148504903426,0.008392025765,0.68319393205
34,2.84432626485,1.4453538428,5.03985502201
35,0.262154081758,0.0398793755839,1.00592836273
36,0.621115123293,0.143679026888,1.71385036799
37,0.138694246562,0.00778081876248,0.675732628439
38,0.901533295113,0.293442469876,2.23270943602
39,0.418454519966,0.0737599380323,1.33720921947
40,1.68562034835,0.625759177487,3.68153884043
41,6.00570347479,0.253869999405,2882.34654781
42,0.23123704664,0.0113108368993,2882.34667149
43,0.6049472177,0.0209168889279,2882.34666033
44,0,0,2882.34665431
45,0,0,2882.34665431
46,0,0,2882.34665431
47,0,0,2882.34665431
48,0,0,2882.34665431
49,0,0,2882.34665431
50,0,0,2882.34665431
51,0,0,2882.34665431
52,0,0,2882.34665431
53,0,0,2882.34665431
54,0,0,2882.34665431
55,0,0,2882.34665431
56,0,0,2882.34665431
57,0,0,2882.34665431
58,1.86619855119,0.06800136194,2882.34655032