site,MLE,Lower,Upper
1,0,0,0.0260837459299
2,0,0,371.836424623
3,0,0,371.836424623
4,0.0142078652927,0.000706732274675,0.137801690128
5,0.172586463373,0.0189823556015,0.879444964367
6,1.3123506033,0.679708871996,2.32420797294
7,2.77125671951,1.09606538975,5.66275125211
8,0.502531919131,0.177689219668,1.10807527868
9,0.0760241062384,0.00490683287004,0.336753923104
10,0.562084673383,0.264347443959,1.04440537475
11,0.0613716810496,0.0033791914583,0.39085101179
12,1.04658036963,0.267049154612,2.7383682479
13,0.368299918584,0.112914587187,0.888760058756
14,0.102722673274,0.0163337227019,0.479765217011
15,4.92370227546,2.64619757121,8.38129714554
16,0.983317132161,0.252250079368,2.57569625608
17,0.0846849786156,0.0119703032777,0.404729449495
18,1.32995161367,0.321628988197,3.47027556339
19,0.604194526854,0.116832640876,1.69323897301
20,0.0513801683596,0.00787547819991,0.201238173581
21,1.39480246162,0.378298106671,3.6306620455
22,0.207178977008,0.0173019142434,1.18038116915
23,2.61316260395,1.0273320959,5.35309702782
24,2.08983254499,0.748775488924,4.51600787669
25,1.3123506033,0.349973960375,3.42281756515
26,0.818680983113,0.358900446821,1.60990841427
27,2.67425207616,1.44896437729,4.65755225179
28,0.309050703412,0.127357286787,0.651543945678
29,0.588823836128,0.229195856907,1.19648368276
30,0.190091650523,0.0347108107515,0.697782376168
31,2.25911501933,1.2166169665,3.84126259465
32,0.025243521654,0.00132644487492,0.226225149547
33,0.0357550645242,0.00199187304496,0.17991429174
34,4.42160974316,2.12572768325,7.99225543581
35,0.074186731317,0.00989183763952,0.452735763895
36,0.183011696739,0.0450876869676,0.84487530992
37,0.0342945561417,0.0018409629614,0.254623814445
38,1.83767112767,0.572593571502,4.29181037303
39,0.177324904417,0.0306024616454,0.752039976001
40,1.7921051239,0.551339114369,4.20979209042
41,1.70142500169,0.0319440621809,371.83658414
42,0.0342566825403,0.001536698944,371.836428215
43,0.0603134849633,0.0028333345788,371.83642458
44,0,0,371.836424623
45,0,0,371.836424623
46,0,0,371.836424623
47,0,0,371.836424623
48,0,0,371.836424623
49,0,0,371.836424623
50,0,0,371.836424623
51,0,0,371.836424623
52,0,0,371.836424623
53,0,0,371.836424623
54,0,0,371.836424623
55,0,0,371.836424623
56,0,0,371.836424623
57,0,0,371.836424623
58,0.913105702734,0.0169987078089,371.836407941