site,MLE,Lower,Upper
1,0,0,0.0663565253302
2,0,0,121.889470816
3,0,0,121.889470816
4,0.0579391417593,0.00291620214558,0.407551539124
5,0.00495577133621,0.000234145510912,0.0410411114191
6,3.57032373176,1.88329489577,6.22634398666
7,1.11391848037,0.451692647586,2.2406527295
8,0.643886669024,0.230012663675,1.39463789385
9,0.0309867879515,0.00154943226842,0.259378076548
10,5.23927575084,2.54058368926,9.64376715603
11,0.0241858214706,0.0013299753095,0.360740165389
12,0.0506736937163,0.0124590081683,0.133253275403
13,1.19816830756,0.464017735439,2.53031446143
14,0.237124844873,0.00837171426537,0.73962895301
15,1.89267663705,1.00371881068,3.24631763648
16,0.05205406868,0.013666094266,0.13110200469
17,0.0775831825894,0.00869886635827,0.333676148851
18,0.639658786513,0.161330980845,1.63578808941
19,0.310113191037,0.082357882543,0.808648748607
20,0.144963967178,0.0285772382813,0.598096592277
21,0.730114621783,0.199091550474,1.77019183046
22,0.0364312868369,0.00509970877694,0.346329636253
23,1.00593611019,0.415618889603,2.01228135229
24,0.258226839505,0.0998768212655,0.559870291933
25,0.692750700832,0.180649133065,1.72126503124
26,2.3962823796,1.151710004,4.46451353165
27,4.03702260262,2.33363606304,6.67271075567
28,2.78926508699,1.03606247273,6.07818628366
29,1.64561297982,0.689394163952,3.31087068419
30,0.115250615844,0.0212846591234,0.478455315121
31,2.63294607794,1.47121833549,4.37205176902
32,0.0358642537218,0.00410561461717,0.284320542754
33,0.00704938022024,0.0003967278788,0.0340455659151
34,0.394170725428,0.185617135566,0.735670340375
35,0.0576734048242,0.010332191795,0.295540047399
36,0.00391353848097,0.000594385545812,0.0500440975162
37,0.00900074434738,0.000488304683093,0.0664316952583
38,0.179069346462,0.0560446850293,0.425644612606
39,0.0297646078416,0.00401539238661,0.195150561481
40,0.895437416326,0.306166753307,2.08259936364
41,5.66666666667,0.00771215017644,121.889023268
42,0.0202788365644,0.000986264328207,121.889469801
43,0.151695058838,0.00151208383681,121.889460162
44,0,0,121.889470816
45,0,0,121.889470816
46,0,0,121.889470816
47,0,0,121.889470816
48,0,0,121.889470816
49,0,0,121.889470816
50,0,0,121.889470816
51,0,0,121.889470816
52,0,0,121.889470816
53,0,0,121.889470816
54,0,0,121.889470816
55,0,0,121.889470816
56,0,0,121.889470816
57,0,0,121.889470816
58,0.0257609426871,0.00111870669438,121.889472766