site,MLE,Lower,Upper
1,0,0,0.89036026699
2,0,0,4471.64112563
3,0,0,4471.64112563
4,0.192808660279,0.0108903730257,0.883506663795
5,0.32581277539,0.021029697305,1.28304253376
6,2.48967957896,1.2647738411,4.29941571267
7,1.20242653277,0.442419502337,2.82151965349
8,1.25830374891,0.495938653604,2.63117859866
9,0.227356957625,0.0131078890601,0.998360533962
10,1.63917017324,0.805463679413,2.99646445811
11,0.151863627097,0.00860260800487,0.692516083024
12,1.05704926488,0.338792343281,2.48227522404
13,1.02531079187,0.418255612969,2.08072360213
14,0.342467027259,0.0558872476252,1.1337386251
15,4.6241561418,2.46285332897,7.88657557115
16,1.02199642416,0.303690542863,2.50960079556
17,0.37900321604,0.0710386208477,1.09591593366
18,0.989914394258,0.356004794411,2.18681895282
19,0.758781469768,0.243033902354,1.92736473349
20,0.300967980821,0.0611024340477,0.84105533746
21,0.684359254341,0.208787191458,1.73809407546
22,0.401262171562,0.0700751802538,1.18467204738
23,1.15600961361,0.446516385119,2.86647287414
24,1.62679302593,0.656864290331,3.50155766688
25,1.07968547997,0.417029325082,2.29400052553
26,1.61121300177,0.725299044234,3.06976638868
27,4.65376943653,2.63551094529,7.60018709653
28,0.913979986466,0.371581772186,1.92615000956
29,1.14583457416,0.517919085258,2.20313074038
30,0.525821114776,0.102848407039,1.50186513233
31,5.06350242512,2.70783931155,8.55396904692
32,0.124294205136,0.00704453141381,0.56281372611
33,0.194760603874,0.0110499753186,0.879475260252
34,2.30836266625,1.1299356844,4.29167417705
35,0.247975333042,0.0403137489009,0.814363435929
36,0.491564625808,0.0818913511468,1.50388411042
37,0.313152566392,0.0188878198873,1.32263857758
38,0.86240636361,0.291792680319,2.06777031555
39,0.631431715455,0.104068977407,2.09305828891
40,1.34433449808,0.475815619874,2.98993527719
41,1.13116403856,0.0569451122165,4471.64104984
42,79.0,0.313075416671,4471.63929365
43,1.12007038408,0.0664863346589,4471.64103661
44,0,0,4471.64112563
45,0,0,4471.64112563
46,0,0,4471.64112563
47,0,0,4471.64112563
48,0,0,4471.64112563
49,0,0,4471.64112563
50,0,0,4471.64112563
51,0,0,4471.64112563
52,0,0,4471.64112563
53,0,0,4471.64112563
54,0,0,4471.64112563
55,0,0,4471.64112563
56,0,0,4471.64112563
57,0,0,4471.64112563
58,1.32041190995,0.143266455317,4471.6410873