site,MLE,Lower,Upper
1,0,0,0.0352344378068
2,0,0,255.206880328
3,0,0,255.206880328
4,0.0259406949377,0.00123166481051,0.458471553096
5,0.10584815451,0.00930834250317,0.550654095695
6,2.33584720272,1.16340564654,4.26139954628
7,1.7269740335,0.673592348581,3.62295122524
8,1.3664908461,0.484145135222,3.00536336127
9,0.0613479167728,0.00296855904431,0.431747703553
10,1.83761825253,0.86039905758,3.46859344588
11,0.0282833757092,0.00118641804949,1.06182722015
12,0.664154956774,0.171828550505,1.74451710985
13,0.717299001441,0.219502062326,1.72543933371
14,0.346603647391,0.0197655285413,1.09106029364
15,4.34627897963,2.22698523056,7.65290900226
16,0.610814071664,0.158858305239,1.61020302553
17,0.0857423305949,0.0155175155891,0.383969986643
18,0.815990429119,0.209647386163,2.16200938018
19,1.04336442847,0.192747089888,2.79139654578
20,0.0705283846986,0.0111043560594,0.321539221675
21,0.84536941831,0.246805766211,2.22464801309
22,0.0697175486419,0.00910798371349,0.599332949367
23,1.73604814789,0.675055241574,3.62912225637
24,2.00425192899,0.703879160072,4.54819757841
25,0.812762467038,0.22374381789,2.15311642378
26,1.7818149417,0.800026938463,3.43703151741
27,3.79418073413,2.02762504114,6.56423538944
28,0.962047589941,0.344757546763,2.13089538602
29,1.15600961361,0.453116627471,2.39496751718
30,0.159918374044,0.0249943227777,0.724153393391
31,3.51031531611,1.87079294168,6.00786677741
32,0.0278217171837,0.00145084103021,0.298314600146
33,0.0378672992249,0.0021118166462,0.191204961006
34,2.42699438561,1.14601475687,4.50660756472
35,0.0859479890717,0.0133083160077,0.691930007744
36,0.148436363149,0.0356039840516,0.576117443535
37,0.0196853175819,0.00103353344921,0.22835034129
38,1.02203932064,0.318347236622,2.43665250173
39,0.1298825749,0.0267733047907,0.590340154363
40,2.54957944702,0.793184330027,5.96128906177
41,19.0,0.0413195790825,255.20642781
42,0.043959940646,0.00214387056881,255.206878019
43,0.0528793086603,0.00210415279136,255.20687732
44,0,0,255.206880328
45,0,0,255.206880328
46,0,0,255.206880328
47,0,0,255.206880328
48,0,0,255.206880328
49,0,0,255.206880328
50,0,0,255.206880328
51,0,0,255.206880328
52,0,0,255.206880328
53,0,0,255.206880328
54,0,0,255.206880328
55,0,0,255.206880328
56,0,0,255.206880328
57,0,0,255.206880328
58,1.2773272105,0.0164134440935,255.20682026