site,MLE,Lower,Upper
1,0,0,0.767841347843
2,0,0,3443.78338039
3,0,0,3443.78338039
4,0.137845087036,0.0078348454719,0.616855297917
5,0.30037936128,0.0186053523175,1.21426858455
6,3.73899647661,1.78683805992,6.58428152127
7,1.39516409557,0.537054751811,3.14436843511
8,1.50786176961,0.584330506002,3.18582275223
9,0.487191441136,0.0785400638649,1.55664463155
10,2.00425192899,1.02753468919,3.50706374946
11,0.226535339924,0.0130107462245,0.993379105759
12,1.12598853412,0.344613639266,2.68385437314
13,1.28225656468,0.457284160717,2.78230069235
14,0.234373415835,0.0389031609401,0.730065770519
15,3.94926897395,2.07993271209,6.79907911108
16,1.00755623667,0.299814320823,2.50766411946
17,0.219244238419,0.040420578043,0.641096625807
18,1.13531380123,0.428030343852,2.47829081977
19,0.71533735087,0.206668352641,1.98900648918
20,0.35151524137,0.0576146711735,1.16827700222
21,0.753661399421,0.258262876925,1.78463802554
22,0.525681406525,0.127093266099,1.43403789305
23,1.48398508833,0.562412307159,3.38920714536
24,1.42823885662,0.546642018235,3.0477768758
25,0.910934250707,0.302372829832,2.21955538354
26,2.78215067757,1.1606165245,5.71121039919
27,3.98271161657,2.1834667975,6.73027600319
28,1.06910350372,0.473701100888,2.07932261552
29,2.38558737912,1.0326517027,4.61940602502
30,0.24810213789,0.0406937015875,0.783291946933
31,4.20085749041,2.21802975098,7.19297155576
32,0.181427558229,0.0103204045355,0.815241190241
33,0.127144784236,0.00719547217875,0.578784707267
34,4.12262690392,2.13620427037,7.09284610752
35,0.435290500289,0.099215514896,1.18056874689
36,0.309026846501,0.0499390167993,1.04050378615
37,0.105695918439,0.00595505181494,0.491779884579
38,1.25525280432,0.440004494165,2.97518075567
39,0.323708745987,0.0544407170895,1.00964575565
40,0.968851285409,0.318889329306,2.2933203493
41,2.82530028584,0.0668440170447,3443.78363506
42,201.39930099,0.343997585054,3443.77798826
43,0.496345165145,0.0254464196785,3443.78334679
44,0,0,3443.78338039
45,0,0,3443.78338039
46,0,0,3443.78338039
47,0,0,3443.78338039
48,0,0,3443.78338039
49,0,0,3443.78338039
50,0,0,3443.78338039
51,0,0,3443.78338039
52,0,0,3443.78338039
53,0,0,3443.78338039
54,0,0,3443.78338039
55,0,0,3443.78338039
56,0,0,3443.78338039
57,0,0,3443.78338039
58,201.371997117,0.287712592112,3443.7794546