site,MLE,Lower,Upper
1,0,0,1.3948990695
2,0,0,5.00200131838
3,0,0,5.00200131838
4,0.4100331083,0.0225675127618,1.91156577513
5,0.0349194249189,0.00194786314409,0.166976148507
6,5.00199435902,3.81159733155,5.00199435902
7,3.21702837358,0.943841175792,5.00205729944
8,2.15001758067,0.837618287022,4.59382588756
9,0.253435345302,0.014363345116,1.21710961476
10,5.00199435902,3.83502512467,5.00199435902
11,0.281014944241,0.0158673253324,1.31394428678
12,0.171867001026,0.0497355589479,0.43447069976
13,3.81539407782,1.4831311531,5.00197162599
14,0.512089592055,0.0850401098951,1.65659340662
15,5.00199435902,2.96991384596,5.00199435902
16,0.170678971189,0.0493725872518,0.428874166992
17,0.246899488789,0.0149385273592,1.18218803069
18,2.17895287272,0.66308285102,5.00193181369
19,1.22224537061,0.414992235898,2.79292512907
20,0.706435096502,0.0867972541958,2.5039766807
21,1.30329749426,0.310414260185,4.95859103601
22,0.395043802477,0.023399219123,1.83982282819
23,3.18308933337,1.3746756631,5.00178797425
24,1.06244084894,0.418739007019,2.18763016836
25,2.3239817905,0.761154261545,5.00186101344
26,5.00199435902,3.1648061971,5.00199435902
27,5.00199435902,4.10773756435,5.00199435902
28,5.00199435902,2.87045148727,5.00199435902
29,5.00199435902,2.39381457644,5.00199435902
30,0.356221669591,0.0202633197233,1.57748554912
31,5.00199435902,3.485721274,5.00199435902
32,0.00493139936042,0.000369117001012,0.788622037193
33,0.14839610411,0.00667291670136,0.703904576362
34,1.29432692268,0.612831706037,2.39210724776
35,0.462546507381,0.0545024596184,1.56920477672
36,0.035308803896,0.00320348844105,0.167362514209
37,0.190625924227,0.0103855433968,0.923959619375
38,0.635507368659,0.0829715066171,1.52505076752
39,0.190625924236,0.0105309762854,0.923959619376
40,2.96424796222,1.00975979439,5.0018722953
41,1.000100005,0.000582337596779,5.0019995412
42,1.00063363754,5.15818733763e-05,5.0020121563
43,1.00063363754,0.000103163746753,5.0020121563
44,0,0,5.00200131838
45,0,0,5.00200131838
46,0,0,5.00200131838
47,0,0,5.00200131838
48,0,0,5.00200131838
49,0,0,5.00200131838
50,0,0,5.00200131838
51,0,0,5.00200131838
52,0,0,5.00200131838
53,0,0,5.00200131838
54,0,0,5.00200131838
55,0,0,5.00200131838
56,0,0,5.00200131838
57,0,0,5.00200131838
58,1.00063363754,5.15818733763e-05,5.0020121563