site,MLE,Lower,Upper
1,0,0,1.4714120149
2,0,0,630.045507916
3,0,0,630.045507916
4,0.345052315663,0.0195023213109,1.57481111432
5,0.345052271493,0.0195023213368,1.57481111432
6,0.917418961048,0.366937166429,1.95532167251
7,2.1380968955,0.757811891683,5.37204326413
8,2.4166885718,0.922814076751,5.15866776881
9,0.345052315663,0.0195023213109,1.57481111432
10,0.793804926517,0.2775063727,1.67017410547
11,0.285859036219,0.0162338119913,1.29848432837
12,1.53283852882,0.46037456359,3.77835185118
13,0.12173113622,0.0372004887012,0.622334409728
14,0.575859962139,0.0947118052355,1.88862552275
15,6.33701833388,3.20245908963,11.4899422638
16,1.54280422309,0.463710221121,3.78419365051
17,0.54342704244,0.0876590784046,1.81663544544
18,1.59600467632,0.534011128957,3.80410700931
19,0.959761675132,0.279776944294,2.97377487514
20,0.0288348593665,0.00462570254096,0.0996793458373
21,0.998956556853,0.295908441678,2.70257496068
22,0.543427042445,0.0876590784046,1.81663544544
23,2.68228258738,0.853959665909,5.82970555221
24,2.55280010117,1.00490431167,5.44662085224
25,1.59824116626,0.534825690788,3.80930055231
26,0.455271436546,0.165002917389,1.12725335874
27,3.99252609546,1.86988200022,8.81207322983
28,0.127347770696,0.0457277969819,0.378196651123
29,0.185370814758,0.0714012402522,0.619007996708
30,0.659871050574,0.106586182727,2.18807889764
31,6.69178953439,3.5003121579,11.6721583526
32,0.318316366228,0.0178776899614,1.48693167486
33,0.184956069749,0.010496436563,0.842195405798
34,4.63235149169,2.2229135168,8.53402107272
35,0.543427042441,0.0876590784046,1.81663544544
36,0.543427042446,0.0876590784046,1.81663544544
37,0.210243902853,0.0118961037107,0.971417617556
38,1.36801452499,0.455551789919,3.73646030803
39,0.543427042444,0.0876590784046,1.81663544544
40,1.93513306283,0.654143539887,4.46310672676
41,267.067738007,0.0805460756779,630.052679224
42,267.067738007,0.0805460756778,630.052679224
43,267.067738007,0.0805460756779,630.052679224
44,0,0,630.045507916
45,0,0,630.045507916
46,0,0,630.045507916
47,0,0,630.045507916
48,0,0,630.045507916
49,0,0,630.045507916
50,0,0,630.045507916
51,0,0,630.045507916
52,0,0,630.045507916
53,0,0,630.045507916
54,0,0,630.045507916
55,0,0,630.045507916
56,0,0,630.045507916
57,0,0,630.045507916
58,267.067738007,0.0786951321014,630.052679224