site,MLE,Lower,Upper
1,0,0,0.792845463658
2,0.626189312112,0.103777615113,1.9504579774
3,0,0,0.958977843134
4,0.616105207422,0.102187388431,1.91660032504
5,2.18474233107,0.670034462944,5.18829138215
6,0.480982464097,0.0273471635308,2.14709753035
7,0.512710147393,0.0291972212584,2.27700918923
8,0,0,1.79401620515
9,0,0,0.625325930769
10,0.272152530005,0.0155158853289,1.20358184183
11,0.463739394378,0.0263654790232,2.07191717615
12,0,0,1.79401620515
13,0.972236481414,0.16042764928,3.06149562892
14,0.325326575965,0.0185267332315,1.44472616365
15,0,0,2.13692547431
16,0.325283889469,0.0185249686462,1.44428084371
17,0,0,0.494341998632
18,0.473319182371,0.0268851481999,2.11511987481
19,1.60084582705,0.496476672412,3.74036023321
20,0,0,1.79401620515
21,1.48398508833,0.365080143249,3.94705625595
22,1.18168545164,0.196145237278,3.66554293723
23,0.829857326825,0.205976006086,2.16907464157
24,0,0,0.494341998632
25,0,0,0.706193186889
26,1.88110082001,0.311355547444,5.87552528613
27,3.36667434512,1.304030008,7.16258204856
28,0,0,1.33474690575
29,0,0,1.82390229124
30,2.90527755667,0.718875142825,7.61711704196
31,0,0,1.79763605566
32,0,0,1.79401620515
33,0,0,1.75458925907
34,3.87291499716,1.3686036135,8.52611576119
35,1.9389895116,0.594326492104,4.62587370385
36,3.716089807,1.13292571705,8.93902296545
37,4.95801862898,2.52005730723,8.81636463135
38,0,0,8.31324493693