site,MLE,Lower,Upper
1,0,0,4.20519431444
2,0.217111613374,0.0343702373344,0.807506505922
3,0,0,4.20519431444
4,0.374812439016,0.0601426887868,1.28785138786
5,9.93471828996,3.05019777529,23.7352128607
6,2.20578179592,0.125486052942,9.78777434475
7,2.21007461856,0.126063929695,9.83413228405
8,0,0,4.20519431444
9,0,0,0.138018970627
10,0.0721259694975,0.00396793245956,0.37052117729
11,2.21007461856,0.126053063541,9.83326519766
12,0,0,4.20519431444
13,4.91378732578,0.81229684799,15.4411692982
14,0.0721549610415,0.0039685972058,0.371589818543
15,0,0,4.20519431444
16,0.0722202192588,0.00397320540268,0.37089745928
17,0,0,4.20519431444
18,2.38897713415,0.135960815362,10.6445321598
19,8.79001239229,2.54753925835,22.1621387154
20,0,0,4.20519431444
21,7.38053712773,1.82090828806,19.5685926666
22,4.43862732946,0.735110137559,13.8953687017
23,0.280641307934,0.0615567476096,0.914388018026
24,0,0,4.20519431444
25,0,0,4.20519431444
26,4.49856792564,0.745737608887,14.1070690137
27,16.5674540242,6.37424355448,36.2381677036
28,0,0,4.20519431444
29,0,0,4.20519431444
30,6.87777419391,1.69973487703,18.2089063966
31,0,0,4.20519431444
32,0,0,4.20519431444
33,0,0,4.20519431444
34,13.0031871248,4.59117113284,29.0532643712
35,9.14485139186,2.81319774798,21.8339927909
36,9.06726662322,2.7910344867,21.629071391
37,25.4704408643,10.5084449674,54.1749705332
38,0,0,13.3028358248