site,MLE,Lower,Upper
1,0,0,1.42776267235
2,0.79162555026,0.130976142186,2.48020294388
3,0,0,0.876904531067
4,0.870816050531,0.144157968262,2.72427186362
5,2.68703170124,0.826086869291,6.36946286484
6,0.681170516179,0.0387545843564,3.0356198841
7,0.488643401745,0.0278207990311,2.1682477324
8,0,0,1.77682534889
9,0,0,0.728404052579
10,0.410633845885,0.023364941273,1.82902200055
11,0.641241797042,0.0364557978949,2.85497684953
12,0,0,1.77682534889
13,1.25238913796,0.207005362554,3.92831490261
14,0.381314139871,0.0217062248814,1.69588330281
15,0,0,1.90931480571
16,0.380309302984,0.0216494918293,1.69128425153
17,0,0,0.84204297743
18,0.675555859209,0.0384482463436,3.01471704536
19,2.1380968955,0.685967078677,4.86085154975
20,0,0,1.77682534889
21,1.98240115738,0.488889858246,5.2424504864
22,1.51541643862,0.251080861135,4.73419959143
23,1.2549445378,0.309682639612,3.31110895303
24,0,0,0.84204297743
25,0,0,0.861058749902
26,2.41505578276,0.400246835544,7.5200526098
27,4.23154500371,1.63744555051,9.07182661651
28,0,0,1.06523788689
29,0,0,2.34020466865
30,2.04598584613,0.507581374469,5.35007760733
31,0,0,1.31372393942
32,0,0,1.77682534889
33,0,0,1.10425463251
34,3.01616527535,1.07738425846,6.53116037251
35,2.75103611851,0.844688313456,6.53780198511
36,2.39763586857,0.73846720113,5.659285462
37,6.18991981851,3.13493378245,11.0706605139
38,0,0,6.74119882529