site,MLE,Lower,Upper
1,0,0,0.955168891001
2,0.755851107193,0.1252745522,2.35390097067
3,0,0,1.1555371913
4,0.742003306221,0.122985700578,2.30618043407
5,2.62021260422,0.804592346049,6.22140618525
6,0.57936396328,0.0329481485147,2.58609473193
7,0.618105052857,0.0352083619213,2.74486633428
8,0,0,2.16176718806
9,0,0,0.753460054641
10,0.327943803028,0.0186971624339,1.45015454667
11,0.559058237547,0.0317870305517,2.49708103026
12,0,0,2.16176718806
13,1.16806351717,0.192795104654,3.67565423298
14,0.391977219701,0.0223234779129,1.74033321009
15,0,0,2.5748249936
16,0.391940906728,0.022322111602,1.73993590084
17,0,0,0.595644626984
18,0.569042556432,0.0323457194872,2.54348430858
19,1.92472319624,0.597244847983,4.49537837894
20,0,0,2.16176718806
21,1.78516205902,0.439036159434,4.74322065459
22,1.42521722407,0.23658226845,4.42026627433
23,1.00067304344,0.248205872617,2.61209897081
24,0,0,0.595644626984
25,0,0,0.850900404012
26,2.26648513758,0.375176970663,7.07768806497
27,4.02919428105,1.56225601443,8.55607113446
28,0,0,1.60813302869
29,0,0,2.19759811076
30,3.49850186578,0.866109968067,9.17008806493
31,0,0,2.16598826326
32,0,0,2.16176718806
33,0,0,2.11374493801
34,4.65206468579,1.6465457538,10.2503282359
35,2.33584720272,0.715721012561,5.56548730777
36,4.46777794289,1.36314145224,10.7385221691
37,5.95350517785,3.02703737605,10.5787703362
38,0,0,10.1940411679