site,MLE,Lower,Upper
1,0,0,1.11928614095
2,1.08737522802,0.179581934521,3.4179234011
3,0,0,1.06683847988
4,1.05389299622,0.17452078784,3.28981554899
5,2.18474233107,0.669938197677,5.23369226134
6,0.516798512604,0.029341797584,2.32173821692
7,0.434560072638,0.0247463256727,1.93022954262
8,0,0,1.9372180546
9,0,0,0.97741439299
10,0.58661319388,0.0334176632297,2.60178316735
11,0.493167260955,0.0280103034276,2.2126189264
12,0,0,1.9372180546
13,0.989016098442,0.163025296003,3.12677570683
14,0.530392275959,0.0301510536359,2.37127027159
15,0,0,2.61429940822
16,0.52989669195,0.0301290806223,2.36748147621
17,0,0,0.794309303738
18,0.519273476943,0.0295084279185,2.32603319201
19,2.02742837089,0.630932612692,4.73874619904
20,0,0,1.9372180546
21,1.61868493697,0.397900724938,4.31640323851
22,1.13916141801,0.188775397907,3.56309869738
23,1.80889776217,0.447931420101,4.74013578184
24,0,0,0.794309303738
25,0,0,0.850817444409
26,2.25911501933,0.374078528249,7.06044177143
27,3.72699980386,1.4364463916,8.05963581844
28,0,0,0.965322629023
29,0,0,2.217017277
30,1.73393864444,0.428897393197,4.56452189699
31,0,0,1.099231583
32,0,0,1.9372180546
33,0,0,1.07441908224
34,2.72632396591,0.972852483581,5.9149658147
35,2.10996611686,0.642945889219,5.09425361549
36,2.36088505792,0.725777559539,5.59530120784
37,6.94921387611,3.50254143363,12.5150057388
38,0,0,5.66608500326