site,MLE,Lower,Upper
1,0,0,1.22455227457
2,0.823699427439,0.13603010685,2.59031985549
3,0,0,0.851184119441
4,0.945181914977,0.156299865866,2.96097889041
5,2.64159245634,0.813259234551,6.24453459288
6,0.698678348619,0.0397253147754,3.1090641488
7,0.503995100865,0.028695154852,2.23302086197
8,0,0,2.51053269418
9,0,0,0.769373441536
10,0.40510899971,0.0230460388123,1.80602308781
11,0.639658786513,0.0364019917207,2.84732488483
12,0,0,2.51053269418
13,1.26248873125,0.208633771444,3.95060284035
14,0.40298024953,0.0229140459048,1.79982277627
15,0,0,2.23562868206
16,0.402006192206,0.0228582490161,1.79559993354
17,0,0,0.894274401998
18,0.666711084083,0.0379331208732,2.97280742131
19,2.59839075689,0.814650381625,6.01193217295
20,0,0,2.51053269418
21,1.92688504884,0.475512479009,5.08863789878
22,1.49866415466,0.248232742838,4.67582356208
23,1.24460097804,0.307028756906,3.28931538177
24,0,0,0.894274401998
25,0,0,1.11466030569
26,1.50822002053,0.250246473316,4.68314245817
27,3.96356086656,1.54668388514,8.37772239409
28,0,0,0.834049060467
29,0,0,1.43854993374
30,1.71665630732,0.423531698009,4.53239013071
31,0,0,1.13768962475
32,0,0,2.51053269418
33,0,0,0.994965804234
34,2.4368609055,0.869495917384,5.2878645005
35,2.74221184115,0.84281710086,6.50847761621
36,2.17853836776,0.671855824515,5.13131210536
37,6.62694745076,3.32893342374,12.0267353923
38,0,0,6.12176196053