site,MLE,Lower,Upper,LogL_global,LogL_local
1,0,0,10000,-2.71982142518,-2.71982142518
2,4.25138304019,0.238501103372,20.3489187102,-8.13665361216,-7.46486503838
3,20.7167985607,3.40525453653,66.3614720793,-17.0478435725,-12.9142765215
4,0,0,0.70753709872,-5.42819509566,-2.71982142518
5,2.28139125731,0.377709820039,7.14824938429,-14.4410271254,-13.9176923722
6,2.22483221582,0.87313585375,4.61787688043,-30.2133293149,-28.7564230757
7,1.58669142211,0.387794523088,4.28157516265,-16.8926122757,-16.6267734231
8,3.82006725326,1.48270514751,8.06268054047,-35.8460519972,-32.3605031543
9,2.46039195394,0.951752514486,5.28384939691,-35.9087705276,-34.1612464273
10,0.505862865304,0.0287841201289,2.25078128553,-10.20763612,-9.91487794817
11,0,0,2.28857709153,-3.59005251047,-2.74865089562
12,0.514754306943,0.0292837539745,2.29584799851,-10.1651870034,-9.88976187522
13,1.04184769008,0.172165578601,3.27301486632,-14.635504943,-14.6338714168
14,1.27549173879,0.209576224724,4.07722134332,-17.1790211604,-17.1253464418
15,0.801723179309,0.132602047975,2.51265206757,-15.6807348419,-15.6289119649
16,0.529137850576,0.0299487059439,2.40438919313,-8.36632949593,-8.11994065965
17,0.909859757444,0.150036115651,2.87226513874,-11.8197345701,-11.8107198452
18,1.44281456506,0.238540567416,4.52790837678,-16.9593965483,-16.8412609213
19,0.465942952773,0.0265344569122,2.06430001579,-9.40120441712,-9.02059252768
20,0.727987065153,0.0414223027936,3.24366502656,-9.53427816725,-9.47856531982
21,0.597693148567,0.0339094460813,2.68805882203,-11.246570763,-11.0906168491
22,1.13394664973,0.186096227158,3.62933951767,-17.2428523932,-17.2281319634
23,0,0,1.13732571697,-3.84011815245,-2.1489811505
24,0.601456284497,0.0340700582766,2.72406268977,-10.6585702824,-10.5078285024
25,0,0,1.018203284,-3.82296368993,-1.93599125297
26,0.52894538019,0.0299377704879,2.40352620657,-8.36687646939,-8.12017560227
27,2.20578179592,0.365149045497,6.8750309552,-16.1540386871,-15.6686352648
28,0,0,2.41219343559,-3.50649729874,-2.70754153857
29,0,0,1.71059805342,-4.3826498354,-3.25833264535
30,0.598203510901,0.0339766288492,2.69357411408,-9.57889954787,-9.42425968013
31,0,0,2.41219343559,-3.50649729874,-2.70754153857
32,0.561758092585,0.0318302210668,2.54378897905,-9.15989229465,-8.96116508275
33,0,0,10000,-3.25833264535,-3.25833264535
34,0,0,10000,-4.53818736543,-4.53818736543
35,0,0,10000,-2.40813557568,-2.40813557568
36,0,0,10000,-2.1489811505,-2.1489811505
37,0,0,10000,-2.1489811505,-2.1489811505