site,MLE,Lower,Upper,LogL_global,LogL_local
1,0,0,10000,-2.71982142518,-2.71982142518
2,4.88991273766,0.276292446163,22.7987142301,-9.4745475557,-8.57872158835
3,10.0051516953,1.64731024526,32.0927015753,-18.2733850515,-15.7680109089
4,0,0,0.789662634391,-4.12661452514,-2.71982142518
5,0.836213402463,0.138741227499,2.59920791996,-19.4147669265,-18.8648523671
6,3.83353759385,1.62662504361,7.58211881979,-31.9212285741,-29.7396697282
7,2.59100714602,0.915764692336,5.74399516732,-24.3684940803,-23.1528631015
8,3.14774602092,1.21517342007,6.72243150613,-39.5618322299,-37.9886229374
9,3.07949261262,1.20693658506,6.44625217939,-37.9299927193,-36.380440176
10,0.421085600063,0.0240017160831,1.86887998884,-11.1212262545,-10.6078747245
11,0,0,0.787999457423,-4.15729033469,-2.74865089562
12,0.426025223926,0.024254191525,1.89483849536,-11.1128572774,-10.6050357625
13,0.86401390106,0.14295536342,2.70638312955,-16.0882770025,-15.5457905844
14,0.974387408957,0.160809960174,3.07269698338,-15.2953178156,-14.7674279117
15,0.869183444292,0.143991938756,2.71332077725,-15.9661700472,-15.423155202
16,0.965264217672,0.159179430289,3.05594419628,-13.4685974029,-12.941131979
17,1.56621087186,0.38611432841,4.14265836878,-15.4003601658,-14.6799158744
18,0.849383258761,0.140810237389,2.65291861128,-17.7587174176,-17.2126938098
19,0.404445559088,0.0230600696966,1.78889829453,-10.9190220713,-10.3872131755
20,0.417767079079,0.0237866224689,1.85159529378,-9.65880832253,-9.14155909986
21,0.439436050021,0.0249997875965,1.9614090325,-12.0871933122,-11.593189437
22,0.931980337388,0.153712503537,2.95014028986,-17.8237164553,-17.2932782007
23,0,0,0.837543680152,-3.50497849827,-2.1489811505
24,0.479042938735,0.0272348955016,2.1418169243,-9.64188409796,-9.18161224164
25,0,0,0.909305154501,-3.22290220262,-1.93599125297
26,0.965469982206,0.159212336841,3.05675552975,-13.4682691231,-12.9408261492
27,0.829857326825,0.137748498955,2.58849565179,-17.8795748427,-17.329608824
28,0,0,0.790387945309,-4.11353125739,-2.70754153857
29,0,0,0.765975211576,-4.69198130436,-3.25833264535
30,0.439463721102,0.0250013527239,1.96153573469,-10.2781522303,-9.78417412613
31,0,0,0.790387945309,-4.11353125739,-2.70754153857
32,0.454031586564,0.0258062558169,2.03401791532,-10.5322572553,-10.0523298549
33,0,0,10000,-3.25833264535,-3.25833264535
34,0,0,10000,-4.53818736543,-4.53818736543
35,0,0,10000,-2.40813557568,-2.40813557568
36,0,0,10000,-2.1489811505,-2.1489811505
37,0,0,10000,-2.1489811505,-2.1489811505