site,MLE,Lower,Upper
1,0,0,10000
2,6.73317040966,0.364590461508,40.6864181126
3,15.2225345699,2.47944856412,51.0422900539
4,0,0,1.05506319268
5,2.35561337849,0.385340570121,7.57074288606
6,3.18606022236,1.24693604008,6.6515760888
7,1.14650932306,0.283816071631,2.99981058148
8,3.43578170389,1.33531931178,7.25167952402
9,3.51002076414,1.35236045784,7.53865027309
10,0.457155294191,0.0259945867961,2.04528766417
11,0,0,5.94484855355
12,0.48573069362,0.0276513392102,2.16877680974
13,0.993314021003,0.164093844997,3.12026036409
14,1.36249111048,0.223426181667,4.34050865715
15,0.995736868326,0.163476974313,3.18408949947
16,0.36046206521,0.0205357685225,1.59864208828
17,0.82829411458,0.13771008142,2.56543239617
18,1.54789730371,0.256803774733,4.80834207575
19,0.352593704628,0.0200601306719,1.5723517624
20,0.796150098107,0.0453992793642,3.5182198192
21,0.584933726355,0.0332356291555,2.62038890552
22,1.24507836727,0.204767171437,3.9608119975
23,0,0,1.11380538329
24,0.640709331198,0.0362842016849,2.89400412502
25,0,0,0.690203126268
26,0.36039514781,0.0205319870761,1.59833513774
27,4.91768141727,0.813561677666,15.3840052379
28,0,0,2.37249351901
29,0,0,2.38188680116
30,0.585123530656,0.0332458056764,2.62141948116
31,0,0,2.37249351901
32,0.607146732438,0.0344475049839,2.7351566402
33,0,0,10000
34,0,0,10000
35,0,0,10000
36,0,0,10000
37,0,0,10000