site,MLE,Lower,Upper,LogL_global,LogL_local
1,0,0,10000,-2.71982142518,-2.71982142518
2,5.98991717242,0.332712448762,29.5432537252,-7.93110725804,-6.96929810324
3,25.9983083682,4.26113443016,83.5531619817,-15.9137151284,-11.4740129583
4,0,0,1.16902642357,-4.17784689836,-2.71982142518
5,2.87447121135,0.471144282521,9.18216167561,-13.4134163093,-12.594894916
6,1.73202608965,0.677963535024,3.61361485265,-28.4999930712,-27.7436364126
7,1.61445718226,0.390195414311,4.47892640553,-16.3150261191,-15.9098154399
8,3.25799468927,1.25840994813,6.92852742383,-34.4220858784,-32.1773183365
9,2.04774877053,0.785247970805,4.49222433735,-35.1348752272,-34.115548234
10,0.464582211476,0.0264298851305,2.07685763643,-9.90397550229,-9.53186113788
11,0,0,4.60284758674,-3.15456070252,-2.74865089562
12,0.47123009809,0.0267779908134,2.11459004054,-9.87854196809,-9.519177748
13,0.961691453318,0.158468072587,3.04375364261,-14.7885947286,-14.6384273367
14,1.28772528089,0.211209494788,4.12529004391,-15.5839733401,-15.3935900324
15,1.14382377769,0.189162063616,3.5849877056,-14.2732266663,-14.1114944187
16,0.540485749537,0.0303689726227,2.51746157373,-7.89878546032,-7.64606965643
17,0.848497873911,0.139763838235,2.69471749466,-11.8654845607,-11.6965532381
18,1.22069337628,0.201658454197,3.83584033905,-15.9451949759,-15.7691009213
19,0.434404567886,0.0247474077515,1.92692541776,-9.55965693653,-9.12594573411
20,0.620109853831,0.035276175044,2.7641659586,-8.81059851587,-8.62380590206
21,0.473319182371,0.0268326861798,2.13369884294,-11.3404923683,-10.9856815196
22,1.20876116879,0.198586684302,3.8575157211,-16.7406646615,-16.5686555883
23,0,0,0.90129252433,-3.97928650711,-2.1489811505
24,0.656332091946,0.0372348311798,2.95750907982,-10.0655830778,-9.90544064265
25,0,0,1.05268739857,-3.54035284912,-1.93599125297
26,0.544314560358,0.0305844805443,2.53494502851,-7.89832065437,-7.64985304481
27,3.8554198446,0.635699252604,12.1550164469,-17.4111783814,-16.2160695378
28,0,0,2.53967529719,-3.42412361495,-2.70754153857
29,0,0,2.28904570619,-4.04942309654,-3.25833264535
30,0.474716603106,0.0269386249051,2.14246341664,-9.91462763783,-9.56298935688
31,0,0,2.53967529719,-3.42412361495,-2.70754153857
32,0.61511012966,0.0348646972557,2.77732483372,-9.01961035241,-8.83090968745
33,0,0,10000,-3.25833264535,-3.25833264535
34,0,0,10000,-4.53818736543,-4.53818736543
35,0,0,10000,-2.40813557568,-2.40813557568
36,0,0,10000,-2.1489811505,-2.1489811505
37,0,0,10000,-2.1489811505,-2.1489811505