site,MLE,Lower,Upper
1,0,0,10000
2,7.69983419303,0.439177783784,34.4394764512
3,15.6855711847,2.56258709616,51.2474842112
4,0,0,1.18859195188
5,1.21053809986,0.199409151646,3.83259041861
6,4.10484277505,1.61415104717,8.59610268236
7,2.12541319883,0.532809728692,5.50568871712
8,2.61156254751,1.01468181671,5.52913602569
9,3.71570793855,1.43831844853,7.92262702506
10,0.471553568996,0.0268077241496,2.10361812342
11,0,0,7.4195529281
12,0.477140884187,0.0271262158671,2.13254473599
13,0.964246008473,0.159172647399,3.03731481285
14,1.2602930635,0.208428468344,3.99449728344
15,1.17087475162,0.194249462271,3.65196329495
16,0.627329733102,0.0357083618775,2.8003536399
17,1.32362782751,0.219685497615,4.12908499723
18,1.1854378132,0.195906026091,3.73095388309
19,0.433750676174,0.0246901289707,1.9298662484
20,0.628352269433,0.035723365622,2.81032412618
21,0.358907597279,0.0204193081306,1.60045006595
22,1.07312803862,0.175433876658,3.47477875953
23,0,0,0.682124723346
24,0.573127720297,0.0324400745559,2.60763985932
25,0,0,1.17492775816
26,0.627329733102,0.0357079541008,2.80030690316
27,4.02263762654,0.66017266225,12.8781826134
28,0,0,2.06088643688
29,0,0,1.17091833926
30,0.359343424137,0.0204438732688,1.60241353679
31,0,0,2.06088643688
32,0.516189355472,0.0291979014834,2.35433538948
33,0,0,10000
34,0,0,10000
35,0,0,10000
36,0,0,10000
37,0,0,10000