site,MLE,Lower,Upper
1,0,0,10000
2,6.20824495462,0.336159730262,37.5203916536
3,14.0611499126,2.29048527525,47.1281206379
4,0,0,0.937108925454
5,2.09116169864,0.341892823524,6.72910771828
6,2.82970432439,1.10674926479,5.91575505203
7,1.01774523826,0.252100336402,2.66624387292
8,3.07816504578,1.19495288636,6.50748857074
9,3.12982829918,1.20433784342,6.73869705755
10,0.405166351907,0.0230296401367,1.81368151721
11,0,0,5.27707472153
12,0.431605918613,0.0245452873317,1.92636972316
13,0.881962501013,0.145663200313,2.77230478091
14,1.21388324219,0.198966382504,3.86928516109
15,0.887327133386,0.145514096382,2.84104126641
16,0.319920802373,0.0182247712981,1.41924554848
17,0.737229422568,0.122583300196,2.283230245
18,1.37425905422,0.227999349584,4.2687235573
19,0.313133043262,0.0178127981959,1.39709866529
20,0.706640490795,0.0402942393574,3.12295173904
21,0.51919000403,0.0294949436142,2.32747734388
22,1.10592630238,0.181810407709,3.52287289268
23,0,0,0.988916537283
24,0.570259289065,0.0322879388992,2.57898751138
25,0,0,0.612690206962
26,0.320107583976,0.0182353473707,1.42013036823
27,4.01117199724,0.662034247278,12.6271112497
28,0,0,2.10591177557
29,0,0,2.1146668046
30,0.519044439188,0.0294867679217,2.32679255721
31,0,0,2.10591177557
32,0.539155312712,0.0305827495652,2.43110568203
33,0,0,10000
34,0,0,10000
35,0,0,10000
36,0,0,10000
37,0,0,10000