site,MLE,Lower,Upper,LogL_global,LogL_local
1,0,0,10000,-2.71982142518,-2.71982142518
2,5.30799431542,0.29991163932,24.7502368488,-9.43078745611,-8.58026439881
3,10.8499752776,1.78653701684,34.794428919,-18.7141605737,-15.7807045257
4,0,0,0.922088244709,-4.80223726715,-2.71982142518
5,0.975380644257,0.161857663444,3.03000537375,-18.904705434,-18.9040821133
6,4.44480397892,1.88774189131,8.77651863088,-34.864905718,-29.9322119208
7,3.01334163186,1.06607627313,6.6643766664,-25.2713293081,-23.1432583212
8,3.60757157131,1.3982996615,7.66679650783,-41.2123285603,-37.9779510852
9,3.58531378317,1.40634702664,7.48526689557,-39.7535300641,-36.4856396379
10,0.492298921464,0.0280500933937,2.18287200517,-10.9008866143,-10.5802965693
11,0,0,0.92015289128,-4.8354490982,-2.74865089562
12,0.497482829934,0.0283305009645,2.21111989354,-10.8829371578,-10.5736113947
13,1.00888744687,0.167017399269,3.15686403481,-15.506253804,-15.5061765913
14,1.13274748669,0.187038434286,3.56667504948,-14.8271919492,-14.8125151726
15,1.01230193775,0.167756300092,3.1568040096,-15.4511716912,-15.4510240306
16,1.12621496676,0.185837378836,3.55768497245,-12.9227796787,-12.9094324346
17,1.81772185272,0.44837545142,4.80115437811,-15.2922063626,-14.8555851667
18,0.99244551605,0.164477678036,3.09517737394,-17.1822963325,-17.182239171
19,0.472619372507,0.0269377633516,2.08886038815,-10.7249318203,-10.3594958578
20,0.487191441136,0.0277834502884,2.16116362609,-9.46354802864,-9.13285921961
21,0.513134289463,0.0291992340766,2.2879314591,-11.8409730792,-11.5624318144
22,1.08724997135,0.179432743921,3.43408959941,-17.2762286106,-17.2695421453
23,0,0,0.97779346057,-4.11304587745,-2.1489811505
24,0.557150630146,0.0316837557705,2.48844187949,-9.45418950292,-9.24677301172
25,0,0,1.0614123374,-3.74647739153,-1.93599125297
26,1.126008986,0.185804499347,3.55697018723,-12.922818275,-12.9095111318
27,0.970346425582,0.160914190247,3.02065070073,-17.2846276171,-17.2837187354
28,0,0,0.922933243236,-4.78805229839,-2.70754153857
29,0,0,0.894520696314,-5.40505361332,-3.25833264535
30,0.513265810813,0.0292065919666,2.28855754465,-10.0369901085,-9.75869287996
31,0,0,0.922933243236,-4.78805229839,-2.70754153857
32,0.530077382927,0.0301381734067,2.37148936435,-10.273771117,-10.0253556162
33,0,0,10000,-3.25833264535,-3.25833264535
34,0,0,10000,-4.53818736543,-4.53818736543
35,0,0,10000,-2.40813557568,-2.40813557568
36,0,0,10000,-2.1489811505,-2.1489811505
37,0,0,10000,-2.1489811505,-2.1489811505