site,MLE,Lower,Upper,LogL_global,LogL_local
1,0,0,10000,-2.71982142518,-2.71982142518
2,4.21484668862,0.235896546963,20.4182956361,-8.32263335354,-7.60426832039
3,21.2890835243,3.50297362985,67.9555915332,-16.6684190069,-12.6651428621
4,0,0,0.673974685531,-4.82343540097,-2.71982142518
5,2.9727423109,0.490438393038,9.31586058823,-14.6570607214,-13.7804834834
6,2.06027470311,0.806624143894,4.29618110239,-30.3162260586,-29.2880860621
7,1.54371430086,0.375513725343,4.21192175255,-16.4583497628,-16.0037594323
8,3.66946676305,1.41630482813,7.79958961554,-34.889300144,-32.4968238925
9,2.3446729893,0.902148707957,5.09708235107,-35.3451853066,-34.1113884624
10,0.446844253453,0.0254260349908,1.99296049649,-10.5363003334,-10.1260430793
11,0,0,2.59705425439,-3.42575105812,-2.74865089562
12,0.458013907114,0.0260417690751,2.04713134049,-10.4866961264,-10.0944997451
13,0.92317375761,0.152397589542,2.90875569158,-14.7112727366,-14.4636027455
14,1.36883440258,0.224246230404,4.38384798571,-18.6250000744,-18.3339217112
15,0.740712981758,0.12248285698,2.32654589435,-15.7527582045,-15.4513183156
16,0.522680900579,0.0294978502942,2.39925547586,-8.22402894105,-7.92197597998
17,0.849383258761,0.139794946336,2.6997816735,-11.6319198272,-11.3730629863
18,1.3408624981,0.221501637004,4.22308814842,-18.0360670999,-17.7490321037
19,0.399795046676,0.0227714893366,1.77470093795,-9.383689243,-8.88563531698
20,0.667824154003,0.0379861487841,2.98215528087,-10.2517626448,-10.053490698
21,0.581708926127,0.0329314337857,2.64204069557,-11.6813019403,-11.4307700122
22,1.13478770853,0.185574775218,3.66581298554,-17.988865035,-17.7435914243
23,0,0,1.10474598212,-3.57238460113,-2.1489811505
24,0.614858681458,0.0346911471797,2.80482887418,-11.301641742,-11.0757776532
25,0,0,1.01280100295,-3.46504444022,-1.93599125297
26,0.524170027391,0.0295817536187,2.4061040466,-8.22374465004,-7.92326104675
27,2.71959573521,0.449564905241,8.52653518181,-17.6396311258,-16.8567680128
28,0,0,2.31043066953,-3.46028104665,-2.70754153857
29,0,0,2.49227807834,-3.96038454052,-3.25833264535
30,0.58203833716,0.0329502712433,2.6434762463,-9.54866436452,-9.29838779837
31,0,0,2.31043066953,-3.46028104665,-2.70754153857
32,0.562392765582,0.0318027130064,2.5655433326,-9.08794116919,-8.82234202203
33,0,0,10000,-3.25833264535,-3.25833264535
34,0,0,10000,-4.53818736543,-4.53818736543
35,0,0,10000,-2.40813557568,-2.40813557568
36,0,0,10000,-2.1489811505,-2.1489811505
37,0,0,10000,-2.1489811505,-2.1489811505