site,MLE,Lower,Upper
1,0,0,10000
2,13.4261958362,1.74333211178,45.1883993605
3,17.5283372368,3.17074616603,54.4499620671
4,0,0,1.18229180184
5,1.22457943988,0.205158800434,3.77139269069
6,3.53368747064,1.46997466165,7.03304717587
7,1.26822167279,0.313019225527,3.35771599695
8,4.89285600031,2.00633878352,10.0525909349
9,4.32888231343,1.75773223787,8.92317369988
10,0.529731781786,0.0301321998853,2.36329545701
11,0,0,0.702594377861
12,0.532303829549,0.0302757841514,2.37560068735
13,1.06038512883,0.175160043709,3.33352006026
14,1.39088940385,0.230091057509,4.34859288617
15,1.23051506808,0.20391724126,3.83364519341
16,0.410509488858,0.0233584100795,1.82965410359
17,0.82221644852,0.135900378752,2.57998722232
18,1.93592577609,0.321001931703,6.02359443699
19,0.70105771237,0.042895028782,2.82863150957
20,0.993390711711,0.0566581341745,4.38809133569
21,0.639658786513,0.0363096797286,2.87265216795
22,1.39317079267,0.236628468279,4.24575308027
23,0,0,1.20329093444
24,0.640191088669,0.0364055962799,2.86622848671
25,0,0,0.787335479119
26,0.410157001882,0.0233370252088,1.82796150145
27,0.92770738345,0.156008229961,2.81270672752
28,0,0,1.13436563926
29,0,0,1.02871889293
30,0.642809391679,0.0364707516242,2.8868049398
31,0,0,1.13436563926
32,0.641241797042,0.0366714308613,2.83903868388
33,0,0,10000
34,0,0,10000
35,0,0,10000
36,0,0,10000
37,0,0,10000