site,MLE,Lower,Upper,LogL_global,LogL_local
1,0,0,10000,-2.71982142518,-2.71982142518
2,4.54892346008,0.258192185977,21.3388945676,-8.39238673582,-7.66207827532
3,28.5082098867,4.65591942306,92.6572582252,-15.8583097904,-11.1276945632
4,0,0,0.677824178962,-5.54463415264,-2.71982142518
5,2.90540366058,0.4760433963,9.26177004061,-13.4007289231,-12.5945848932
6,1.84002544252,0.716923162256,3.87247664436,-30.429098502,-29.5502919732
7,1.19638098185,0.289630304324,3.30824954172,-16.1675804055,-16.1249909866
8,4.00664571752,1.55903032406,8.42848063179,-35.3378979572,-31.6300696992
9,2.30323241691,0.866792728278,5.25193063101,-38.210839256,-36.7658983059
10,0.435298494109,0.0247495974364,1.94543322109,-9.45554134348,-8.99702299523
11,0,0,7.88098548844,-2.9941298049,-2.74865089562
12,0.451997241671,0.0256781192988,2.02610619908,-9.37008268807,-8.95913170621
13,0.924435989346,0.15236657898,2.92398813363,-14.434030806,-14.4278348824
14,1.78036965669,0.290545120084,5.75999034969,-16.4447083225,-16.1761799754
15,0.725081625505,0.11988451709,2.27457043704,-13.9302963584,-13.8169608317
16,0.382747020204,0.0215339901102,1.77973160837,-8.41435967872,-7.80046009304
17,0.70693914641,0.116685254983,2.23857380237,-11.7289418432,-11.5972415795
18,1.72449985207,0.284533017131,5.43090246214,-15.8766155261,-15.6303798501
19,0.375370562126,0.0213813683895,1.66600454118,-10.2083278832,-9.53038560641
20,0.865008275483,0.0491926244153,3.86753928221,-8.76471219191,-8.75382490602
21,0.736091729215,0.0417476609222,3.31932447208,-10.6547013024,-10.6034377321
22,1.60605087347,0.262903558731,5.17163687188,-17.4729451878,-17.285308022
23,0,0,1.40511417782,-3.5209807729,-2.1489811505
24,0.870816050531,0.0493101563973,3.95611709835,-10.1741002971,-10.1643200688
25,0,0,0.734330934265,-4.52439603897,-1.93599125297
26,0.382395028996,0.0215142906685,1.77806328357,-8.41405963778,-7.79877602124
27,7.45470744092,1.23004604301,23.4400279954,-16.8100382239,-14.5379206167
28,0,0,2.4168227154,-3.50505618397,-2.70754153857
29,0,0,5.44534353701,-3.61375204038,-3.25833264535
30,0.737991303525,0.0418544412941,3.32818551943,-9.22361054807,-9.17325277255
31,0,0,2.4168227154,-3.50505618397,-2.70754153857
32,0.823378400453,0.0465923511277,3.74442324858,-9.35575394182,-9.3360010116
33,0,0,10000,-3.25833264535,-3.25833264535
34,0,0,10000,-4.53818736543,-4.53818736543
35,0,0,10000,-2.40813557568,-2.40813557568
36,0,0,10000,-2.1489811505,-2.1489811505
37,0,0,10000,-2.1489811505,-2.1489811505