site,MLE,Lower,Upper
1,0,0,10000
2,5.85054046844,0.329899515435,27.0079603836
3,15.33351396,2.4815938651,51.3493912369
4,0,0,1.00361145838
5,1.09733536689,0.181038765381,3.45799574649
6,2.72561907701,1.05002286095,5.86711478592
7,1.20045074858,0.293411764675,3.2344220502
8,2.6959869762,1.04884156561,5.6941990482
9,3.44384422733,1.28184633853,7.73860521537
10,0.545782632935,0.0310175099109,2.44295579424
11,0,0,4.69432576175
12,0.566951742745,0.0321971101713,2.54376840088
13,1.15143768142,0.189650607015,3.64271339862
14,1.4528675395,0.237899218039,4.6748965083
15,1.04140830159,0.172651784608,3.24189211116
16,0.372071263762,0.0210621991255,1.69064285948
17,0.821269334163,0.135710485587,2.58922711214
18,1.2973033607,0.214593318142,4.07807107692
19,0.446844253453,0.025432794373,1.98580735682
20,0.69449749879,0.0394962197592,3.0973326957
21,0.379258043482,0.0215707722392,1.6929393728
22,1.42511050357,0.234027670266,4.5515703086
23,0,0,0.722000161272
24,0.754859828716,0.0428342797188,3.39883243685
25,0,0,0.714391528733
26,0.372071261412,0.0210621990233,1.69064283889
27,3.08114047078,0.506232958752,9.81845873356
28,0,0,2.46375725409
29,0,0,1.08362703321
30,0.380369546097,0.0216336569339,1.69800810189
31,0,0,2.46375725409
32,0.712398863917,0.0403668292846,3.21539011691
33,0,0,10000
34,0,0,10000
35,0,0,10000
36,0,0,10000
37,0,0,10000