site,MLE,Lower,Upper,LogL_global,LogL_local
1,0,0,10000,-2.71982142518,-2.71982142518
2,5.92930764471,0.329248499133,29.274281309,-7.8836973955,-6.95506068076
3,25.7759331961,4.22464602673,82.8387020706,-16.0212869546,-11.4766688128
4,0,0,1.17679956226,-4.35371464838,-2.71982142518
5,2.89443346558,0.474473987938,9.24308562587,-13.4190482489,-12.6169468446
6,1.73866835157,0.681229565516,3.62866205124,-28.554467076,-27.8098504623
7,1.62679302593,0.392948358193,4.50300403609,-16.1750886758,-15.8884860706
8,3.27501156962,1.26551905159,6.95992140449,-34.9631651351,-32.14571112
9,2.05726284652,0.789197014734,4.50900221897,-35.3001298482,-34.1466058872
10,0.467984032001,0.0266076219242,2.09041785242,-9.90383859998,-9.53149529251
11,0,0,4.63350952179,-3.16511216744,-2.74865089562
12,0.474552354951,0.0269565103236,2.1281519554,-9.87422455732,-9.51865239296
13,0.967913393046,0.159509034072,3.06258153254,-14.6432691186,-14.642217724
14,1.2973033607,0.212583652557,4.14965603018,-15.4565889657,-15.3965346642
15,1.15143768142,0.190428687529,3.60832086599,-14.1300749605,-14.1113022139
16,0.548288542495,0.0308129416895,2.55194115219,-7.86868530509,-7.65640664675
17,0.854327755728,0.140674383668,2.71125191569,-11.7310251544,-11.7055892743
18,1.22847109998,0.202955258895,3.85964964906,-15.8191625874,-15.7801204053
19,0.437187220549,0.024911835389,1.93944492195,-9.58225657186,-9.12598883839
20,0.624192764152,0.0355125572498,2.78216202138,-8.75099949522,-8.62147496878
21,0.476433596667,0.0270125052729,2.14728391048,-11.3292792625,-10.979269029
22,1.21540330627,0.199701360251,3.8772620387,-16.5877100948,-16.5529134032
23,0,0,0.907233522521,-4.26338860807,-2.1489811505
24,0.660968172508,0.0374706984181,2.97528206502,-10.0085641628,-9.91096356105
25,0,0,1.059412069,-3.75216810786,-1.93599125297
26,0.548326342905,0.0308151742844,2.55208137879,-7.86856566118,-7.65633817486
27,3.8818748866,0.640099905267,12.2366097436,-17.4111491701,-16.194308093
28,0,0,2.55657432626,-3.46185335269,-2.70754153857
29,0,0,2.30421139881,-4.09632271033,-3.25833264535
30,0.478084564957,0.0271179726078,2.15601615517,-9.90779858798,-9.56201106829
31,0,0,2.55657432626,-3.46185335269,-2.70754153857
32,0.618915838905,0.0350946743058,2.79467255687,-8.95730359662,-8.82400513263
33,0,0,10000,-3.25833264535,-3.25833264535
34,0,0,10000,-4.53818736543,-4.53818736543
35,0,0,10000,-2.40813557568,-2.40813557568
36,0,0,10000,-2.1489811505,-2.1489811505
37,0,0,10000,-2.1489811505,-2.1489811505