site,MLE,Lower,Upper,LogL_global,LogL_local
1,0,0,10000,-2.71982142518,-2.71982142518
2,4.79511866052,0.268934902399,22.9695802195,-8.07457174143,-7.31001693029
3,21.078122416,3.46784154869,67.273309487,-16.38440191,-12.2159790067
4,0,0,0.816467018322,-5.06923327667,-2.71982142518
5,2.45360086087,0.405511303249,7.69427598723,-14.3425921607,-13.7374523337
6,2.26342848502,0.888171285447,4.70085633682,-30.0519071359,-28.5392267539
7,1.47360044678,0.360374018152,3.97800990917,-17.0932402184,-16.9013118727
8,3.56987550429,1.38819602655,7.51032160839,-35.1943957428,-31.9896654099
9,2.61279495165,1.00655714021,5.66387185907,-36.9337531346,-34.990031108
10,0.446198028175,0.0254015477109,1.9893657121,-9.76114337483,-9.33276600125
11,0,0,3.66972925196,-3.27363749942,-2.74865089562
12,0.455496562361,0.0259019628115,2.03464565367,-9.70997210205,-9.3066840595
13,0.927918827171,0.153220734988,2.9210667044,-14.4180062359,-14.4123700942
14,1.43153821445,0.234628986226,4.58561460961,-15.802757251,-15.6912563012
15,0.865008275483,0.143066300055,2.70991571546,-14.9087181135,-14.886925682
16,0.477619385217,0.0270219386257,2.17411538816,-8.4488515355,-8.10512741208
17,0.89352928683,0.147845562032,2.80344050607,-12.0632600952,-12.0502810849
18,1.62291789883,0.268136489915,5.09414586342,-15.9608493413,-15.7623936312
19,0.410633845885,0.0233944459999,1.82091666183,-9.68501191671,-9.14391561088
20,0.846156549814,0.0481373143302,3.77234683064,-8.95943934169,-8.94479202054
21,0.569367911515,0.0323101568436,2.56033940053,-10.8764474537,-10.6865600099
22,1.32841153219,0.21848081641,4.23628725334,-16.5981389738,-16.5260401481
23,0,0,1.08677210856,-3.91794722646,-2.1489811505
24,0.684542368277,0.0388233260469,3.08820452703,-9.66574635402,-9.58535647532
25,0,0,0.917608134968,-4.02580268638,-1.93599125297
26,0.476433596667,0.0269497017851,2.16851061034,-8.44831547975,-8.10181798137
27,3.03289047768,0.501997204461,9.47437871797,-15.9505969582,-15.077155476
28,0,0,1.79689329769,-3.7790847647,-2.70754153857
29,0,0,1.82578229164,-4.31216232605,-3.25833264535
30,0.571155254944,0.032409086766,2.56870245188,-9.34741320106,-9.15983803685
31,0,0,1.79689329769,-3.7790847647,-2.70754153857
32,0.666521280045,0.037795536308,3.00960470956,-9.30115871905,-9.20825327441
33,0,0,10000,-3.25833264535,-3.25833264535
34,0,0,10000,-4.53818736543,-4.53818736543
35,0,0,10000,-2.40813557568,-2.40813557568
36,0,0,10000,-2.1489811505,-2.1489811505
37,0,0,10000,-2.1489811505,-2.1489811505