site,MLE,Lower,Upper,LogL_global,LogL_local
1,0,0,10000,-2.71982142518,-2.71982142518
2,14.3661320049,1.93486094965,51.0618545628,-11.8270880322,-8.99945294661
3,14.8648966571,2.70485087181,44.1511204112,-20.1629843833,-16.416067606
4,0,0,1.30641508324,-4.1924022488,-2.71982142518
5,0.806389033177,0.135606193562,2.45754748225,-20.815762445,-20.7644843744
6,3.75691873219,1.56086334531,7.47077549808,-38.1548681093,-34.3223342782
7,1.2084037597,0.296276199656,3.23946131675,-18.0515265783,-18.0026949822
8,5.19570972713,2.13374474413,10.6626974146,-43.0427751298,-37.6016170923
9,4.82483547768,1.95679179488,9.99238664278,-48.8454905177,-43.9691469603
10,0.385719608076,0.0219553493053,1.71689755705,-12.1291218151,-11.4969149743
11,0,0,0.802297049416,-5.13894399214,-2.74865089562
12,0.393490355711,0.0223871400299,1.75465903811,-12.0711563917,-11.470901005
13,0.780230539855,0.128893123494,2.45284984537,-15.0097700633,-14.9440162031
14,1.87419351225,0.308209303167,5.96515841,-18.0189791161,-17.7012758962
15,1.16942291098,0.193207995794,3.67136407359,-14.6327401174,-14.6097961862
16,0.389319196283,0.0220853773907,1.75524861037,-9.6206250609,-9.0115692425
17,0.795070288221,0.131060436575,2.51354960701,-11.9638786989,-11.9084670894
18,2.28139125731,0.37720153754,7.11457773326,-18.7147351305,-18.193338866
19,0.448647370989,0.0264725278623,1.87127544802,-14.3474336086,-13.8854660317
20,1.12090102463,0.0638524526923,4.9726604319,-9.72063102139,-9.7143832861
21,1.01321073921,0.0573716127086,4.5885504535,-12.1681791722,-12.1680948283
22,1.88723491427,0.318850411236,5.843083633,-20.1431696393,-19.8069755869
23,0,0,1.90897563692,-3.1626028358,-2.1489811505
24,0.854321406242,0.0482814213505,3.88271705867,-10.6117366901,-10.5988724906
25,0,0,0.745550126153,-4.50119194653,-1.93599125297
26,0.388948752182,0.0220646642091,1.75348617737,-9.62036651542,-9.00983331457
27,1.10301211482,0.183551067714,3.41622205866,-21.6418745358,-21.6325643474
28,0,0,0.891296926616,-4.86048329536,-2.70754153857
29,0,0,1.44280441516,-4.59138882571,-3.25833264535
30,1.01487682698,0.0574555286051,4.59899758199,-10.4448225911,-10.4447158987
31,0,0,0.891296926616,-4.86048329536,-2.70754153857
32,0.867560191892,0.0492170951741,3.89667069115,-11.7883973145,-11.7776802932
33,0,0,10000,-3.25833264535,-3.25833264535
34,0,0,10000,-4.53818736543,-4.53818736543
35,0,0,10000,-2.40813557568,-2.40813557568
36,0,0,10000,-2.1489811505,-2.1489811505
37,0,0,10000,-2.1489811505,-2.1489811505