site,MLE,Lower,Upper,LogL_global,LogL_local
1,0,0,10000,-2.71982142518,-2.71982142518
2,4.23521822436,0.237029656779,20.5177403724,-8.26354661623,-7.59610154288
3,21.3949524189,3.52044011423,68.2894941868,-16.8601796102,-12.6630556734
4,0,0,0.695644864391,-5.47335725559,-2.71982142518
5,3.06458020796,0.506397598955,9.61446278751,-14.6959183606,-13.8102737842
6,2.11922461368,0.830035125417,4.41561069367,-30.6982579519,-29.4011130514
7,1.59256193473,0.387604352717,4.33935544647,-16.2422735655,-15.9742049524
8,3.77536841124,1.45848834693,8.01457638114,-35.8579292849,-32.4483604493
9,2.40915673737,0.928149916931,5.22724766496,-35.8348852871,-34.1723057464
10,0.46148723331,0.0262568078212,2.05725000008,-10.5074726213,-10.1185748721
11,0,0,2.6804994946,-3.46834814309,-2.74865089562
12,0.472622162053,0.0268821192871,2.1121444528,-10.4511710517,-10.0901247786
13,0.952609521152,0.157285511108,2.9997765701,-14.4645284765,-14.4621754248
14,1.40768727994,0.230641249343,4.50496426906,-18.4528889251,-18.3511397194
15,0.764709320929,0.126416095401,2.39975814767,-15.5142091663,-15.4367133215
16,0.542453594563,0.0306222088011,2.48745558878,-8.15221468649,-7.92848859316
17,0.877368519475,0.144303756981,2.78440002299,-11.4098105121,-11.392303811
18,1.38476303602,0.228467990849,4.35310076907,-17.8663890194,-17.7728330031
19,0.412570676412,0.0235004225342,1.8310198632,-9.41614209424,-8.88220578812
20,0.689205718043,0.0391992491582,3.07607556606,-10.1443746495,-10.0664146507
21,0.60035359543,0.0339937809858,2.72459610458,-11.5665410617,-11.4148216647
22,1.16834854848,0.191348070541,3.77359715458,-17.7342004792,-17.7117091812
23,0,0,1.13999183284,-3.83713536076,-2.1489811505
24,0.632459414891,0.0357426937486,2.88641681226,-11.2167967421,-11.0971613748
25,0,0,1.04494779848,-3.77586939035,-1.93599125297
26,0.542305924729,0.0306138359351,2.48679107881,-8.15263877471,-7.92869345532
27,2.80705303135,0.464088443054,8.79739736605,-17.5914398213,-16.8203672229
28,0,0,2.38463978833,-3.51647412801,-2.70754153857
29,0,0,2.57249477838,-4.00717068975,-3.25833264535
30,0.600610011019,0.0340085282583,2.72568730151,-9.44719495277,-9.29574861145
31,0,0,2.38463978833,-3.51647412801,-2.70754153857
32,0.580425085261,0.0328208755115,2.64471572425,-8.98265150502,-8.80856424381
33,0,0,10000,-3.25833264535,-3.25833264535
34,0,0,10000,-4.53818736543,-4.53818736543
35,0,0,10000,-2.40813557568,-2.40813557568
36,0,0,10000,-2.1489811505,-2.1489811505
37,0,0,10000,-2.1489811505,-2.1489811505