site,MLE,Lower,Upper,LogL_global,LogL_local
1,0,0,10000,-2.71982142518,-2.71982142518
2,4.71591766192,0.264498107024,22.59073125,-8.13029248606,-7.32120373908
3,20.7405299018,3.41225050241,66.1985533888,-16.1358425305,-12.2079282532
4,0,0,0.783486571579,-4.52081242568,-2.71982142518
5,2.35318498545,0.388862394698,7.38220239223,-14.3445564809,-13.689751607
6,2.17609088637,0.853611536304,4.52280170553,-29.5461661924,-28.4383848506
7,1.41338504828,0.34561524361,3.82339761822,-17.3750268668,-16.9274358525
8,3.44354988301,1.33800475248,7.2521901629,-34.178334394,-32.0433224409
9,2.51600180467,0.968709264784,5.4620520054,-36.2449868807,-34.9003420914
10,0.428066613167,0.0243678868363,1.90905857659,-9.77755120523,-9.33334580616
11,0,0,3.52136760875,-3.25371499067,-2.74865089562
12,0.437187220549,0.0248550017845,1.95331399764,-9.73165385109,-9.30242008454
13,0.890695420405,0.147048231336,2.80544352309,-14.6994782554,-14.4091218232
14,1.37573827356,0.225398166678,4.41102468449,-16.0113864656,-15.6870139969
15,0.829857326825,0.137310535148,2.60231469485,-15.2025365087,-14.8978377086
16,0.45649210652,0.025805572708,2.07831152422,-8.49035751626,-8.09590960878
17,0.859634155621,0.142221077374,2.69814939727,-12.3202303155,-12.0227714519
18,1.55944308118,0.257451452765,4.89334984013,-16.1445535674,-15.7680949834
19,0.394188390631,0.0224570570925,1.74838437112,-9.65330404399,-9.14619226737
20,0.811977503699,0.0461894993697,3.62099613032,-9.12037503273,-8.9508580194
21,0.546265272159,0.0310021400613,2.45836935291,-11.0031801771,-10.7058443875
22,1.27840072909,0.209842828605,4.07378424088,-16.8604117775,-16.5560819237
23,0,0,1.04301350389,-3.59295378105,-2.1489811505
24,0.657363419659,0.037274234134,2.96729543565,-9.78983805843,-9.56906084008
25,0,0,0.88080537699,-3.58474676799,-1.93599125297
26,0.458011650603,0.0259069676777,2.08660976579,-8.49006161647,-8.098106503
27,2.91235936557,0.482139363261,9.1020022503,-15.97881004,-15.1153055636
28,0,0,1.72430410782,-3.6614124161,-2.70754153857
29,0,0,1.7519536298,-4.1987216645,-3.25833264535
30,0.547722357522,0.0310840559825,2.46517565496,-9.45619058246,-9.16017378997
31,0,0,1.72430410782,-3.6614124161,-2.70754153857
32,0.639658786513,0.0362677042204,2.89030423149,-9.45579831518,-9.22577693071
33,0,0,10000,-3.25833264535,-3.25833264535
34,0,0,10000,-4.53818736543,-4.53818736543
35,0,0,10000,-2.40813557568,-2.40813557568
36,0,0,10000,-2.1489811505,-2.1489811505
37,0,0,10000,-2.1489811505,-2.1489811505