site,MLE,Lower,Upper,LogL_global,LogL_local
1,0,0,10000,-2.71982142518,-2.71982142518
2,4.27080099701,0.238993122808,20.3895867712,-8.20560395642,-7.48011671983
3,20.7625211413,3.4125622361,66.5227319037,-16.8700342941,-12.910182527
4,0,0,0.691546056621,-4.79982833357,-2.71982142518
5,2.23405012628,0.36901515828,6.9856660594,-14.4807047145,-13.8894090533
6,2.17916760676,0.855055613815,4.52528684429,-29.7952554936,-28.6681588252
7,1.55043395983,0.378822710977,4.18904999098,-17.1053902674,-16.6525739807
8,3.7417805558,1.45145377479,7.90404992243,-34.8869327702,-32.3980248458
9,2.40915673737,0.931866350024,5.18425088858,-35.4120626052,-34.1109074412
10,0.494171608531,0.0281264849505,2.19981723603,-10.2601991711,-9.91840216376
11,0,0,2.23681433028,-3.52512205653,-2.74865089562
12,0.502843073831,0.0286215215956,2.24455535845,-10.218381242,-9.88838305033
13,1.01871493494,0.168321300732,3.201551765,-14.8684896511,-14.6335735701
14,1.25010772954,0.205157988639,3.99436760614,-17.3739886924,-17.116050107
15,0.784427247646,0.129618095529,2.4572194448,-15.9124325637,-15.6366716809
16,0.514870823517,0.0291361482735,2.34109024111,-8.42502561722,-8.11414335826
17,0.889823105617,0.146711465557,2.81005382735,-12.0374452517,-11.793132662
18,1.41100981135,0.23321654458,4.42864025555,-17.1282086511,-16.8293313368
19,0.455271436546,0.0259388577047,2.01834766458,-9.42081395324,-9.02258495278
20,0.711179821356,0.0404893311256,3.17147226365,-9.64558360998,-9.47103588321
21,0.583966529873,0.0331401606572,2.62840719368,-11.3506360315,-11.1030796491
22,1.10921565188,0.181990087778,3.55285430818,-17.4886913533,-17.2521735831
23,0,0,1.11173724447,-3.57255946231,-2.1489811505
24,0.588823836128,0.0333335398636,2.66696017252,-10.7357629954,-10.4932703957
25,0,0,0.995397057692,-3.49562372056,-1.93599125297
26,0.515666736236,0.0291816131201,2.34458244282,-8.42535257509,-8.11534940106
27,2.15416048401,0.356840302086,6.71996496206,-16.2586402555,-15.6965597708
28,0,0,2.3576877283,-3.44848988462,-2.70754153857
29,0,0,1.67186749985,-4.26286702588,-3.25833264535
30,0.585171573051,0.0332079771955,2.63401311122,-9.67338675718,-9.42680358077
31,0,0,2.3576877283,-3.44848988462,-2.70754153857
32,0.549155438698,0.0311119754458,2.48804596393,-9.24787966307,-8.97145967177
33,0,0,10000,-3.25833264535,-3.25833264535
34,0,0,10000,-4.53818736543,-4.53818736543
35,0,0,10000,-2.40813557568,-2.40813557568
36,0,0,10000,-2.1489811505,-2.1489811505
37,0,0,10000,-2.1489811505,-2.1489811505