site,MLE,Lower,Upper
1,0,0,10000
2,6.10621224606,0.344323456019,28.1864233725
3,16.0055503416,2.59008059034,53.6171056607
4,0,0,1.08022991274
5,1.18046034969,0.19481088306,3.71722942674
6,2.92327941946,1.12754948922,6.27682697171
7,1.28916898918,0.31568862945,3.4717978721
8,2.89610687838,1.12733534257,6.10891524237
9,3.66795414329,1.36809999667,8.2324402919
10,0.587885107845,0.0334068477794,2.62928376191
11,0,0,5.05286473166
12,0.610072463499,0.0346520641216,2.73539973588
13,1.23667915325,0.20412837614,3.91625084452
14,1.56259892026,0.256012156393,5.02006442666
15,1.12018322117,0.185728560574,3.48619922301
16,0.400579093108,0.0226821853942,1.81821694964
17,0.881417051162,0.145670519918,2.7771003242
18,1.39570308367,0.230664148368,4.38062857341
19,0.480831738513,0.0273789185736,2.13683464913
20,0.747089662552,0.0425082524264,3.33170936696
21,0.408222849808,0.0232210611002,1.82136541843
22,1.53291055782,0.251661244585,4.88686587309
23,0,0,0.776997474607
24,0.811221685281,0.0460418977956,3.6496673022
25,0,0,0.768554571569
26,0.400465372811,0.0226758862897,1.81765623538
27,3.30975426315,0.542982436546,10.5346221461
28,0,0,2.65137092641
29,0,0,1.16592690952
30,0.409452084114,0.0232934202236,1.82723977479
31,0,0,2.65137092641
32,0.766035803828,0.043442356412,3.45638622162
33,0,0,10000
34,0,0,10000
35,0,0,10000
36,0,0,10000
37,0,0,10000