site,MLE,Lower,Upper,LogL_global,LogL_local
1,0,0,10000,-2.71982142518,-2.71982142518
2,4.31891532459,0.245747666779,20.3230327292,-8.42729765351,-7.67013927863
3,27.1231976684,4.42984226297,88.152141987,-15.5351314037,-11.1330890074
4,0,0,0.626603518242,-4.80908170724,-2.71982142518
5,2.68144322042,0.439757387239,8.56289740251,-13.3115756782,-12.5353825711
6,1.70788148126,0.665125978414,3.59742628289,-30.2076456063,-29.3881766136
7,1.10663589542,0.267668001208,3.06624727451,-16.5717381626,-16.1730497286
8,3.72198354132,1.4473195649,7.83789368658,-34.0551973992,-31.7188858626
9,2.1488405124,0.807569800967,4.91416894909,-37.6920254243,-36.6484743112
10,0.402289962094,0.0228708621664,1.79852810533,-9.47916325577,-8.99081279006
11,0,0,7.28569833171,-3.00331236791,-2.74865089562
12,0.418137634056,0.0237368904524,1.87393473549,-9.41232384978,-8.95200262421
13,0.854327755728,0.140882598607,2.70575737588,-14.725812738,-14.4134788917
14,1.64763794568,0.268767270162,5.33640553392,-16.5933986022,-16.1831865347
15,0.670465794944,0.110836013466,2.10406140321,-14.2169036616,-13.8285653487
16,0.351257162884,0.0197575001405,1.63487935438,-8.35066374271,-7.77591991512
17,0.655051689811,0.108141765992,2.0767559044,-11.9650616157,-11.5705050191
18,1.59468383066,0.263145854821,5.02539186125,-16.030936321,-15.6321034122
19,0.34738037144,0.01978603135,1.54208236087,-10.1365550125,-9.52989378654
20,0.799188116362,0.0454700576842,3.57635265417,-8.94882390834,-8.76750416451
21,0.680488158411,0.0385885009155,3.07029067789,-10.8450653607,-10.6266314252
22,1.48987671887,0.243768203928,4.80038445274,-17.6956377539,-17.3296742887
23,0,0,1.2991193018,-3.34580256955,-2.1489811505
24,0.806389033177,0.0456115091759,3.66291200876,-10.3319033409,-10.1538733186
25,0,0,0.67918583374,-3.90681311307,-1.93599125297
26,0.352970848785,0.0198526981174,1.64320775325,-8.35041173246,-7.77970501804
27,6.89490345053,1.13750078957,21.6877805558,-16.6123358724,-14.5975671311
28,0,0,2.23417153745,-3.4639669839,-2.70754153857
29,0,0,5.03417680915,-3.62028382708,-3.25833264535
30,0.68236851991,0.0386942134083,3.0790578287,-9.38427962529,-9.16668297169
31,0,0,2.23417153745,-3.4639669839,-2.70754153857
32,0.761399205755,0.0430773801727,3.46498735862,-9.55572615604,-9.36713992294
33,0,0,10000,-3.25833264535,-3.25833264535
34,0,0,10000,-4.53818736543,-4.53818736543
35,0,0,10000,-2.40813557568,-2.40813557568
36,0,0,10000,-2.1489811505,-2.1489811505
37,0,0,10000,-2.1489811505,-2.1489811505