site,MLE,Lower,Upper
1,0,0,10000
2,5.1884073663,0.294855870294,23.2880945286
3,16.077475701,2.62519037476,52.6529294833
4,0,0,0.809798251797
5,1.59760305835,0.264819142191,4.98526171512
6,5.32358045916,2.21641872078,10.5844412594
7,1.31696249731,0.344998165736,3.2991497509
8,6.72968804883,2.83541757238,13.4821304568
9,4.5999216886,1.8034140044,9.57816672896
10,0.669533414322,0.0380535334831,2.9944915155
11,0,0,1.06681671197
12,0.642809391679,0.0364872719865,2.87992232195
13,1.30485229818,0.215120057156,4.12320866421
14,1.25028590281,0.206590022471,3.92823997994
15,0.973631967381,0.161470394823,3.02797711061
16,0.334495702077,0.0190492812407,1.48415746999
17,0.976208118745,0.171764279405,2.87353209404
18,0.952156587905,0.157897237694,2.96335959834
19,1.52519192698,0.142822116474,5.22445683819
20,0.445957112989,0.0254107176068,1.9713543428
21,0.802065617714,0.0456260147721,3.57235904053
22,1.27548010611,0.210564608736,4.00904459343
23,0,0,1.51771517893
24,0.633660946894,0.0360415877907,2.82747336418
25,0,0,0.600050690748
26,0.334495702077,0.0190490878443,1.4840808084
27,1.18021439296,0.196010256301,3.65672104566
28,0,0,1.01247183315
29,0,0,1.26987683147
30,0.794293973671,0.0451947051079,3.53906023771
31,0,0,1.01247183315
32,0.609501746159,0.0346605632931,2.72273083561
33,0,0,10000
34,0,0,10000
35,0,0,10000
36,0,0,10000
37,0,0,10000