site,MLE,Lower,Upper
1,0,0,3.95841021737
2,0,0,10000
3,0,0,10000
4,0,0,10000
5,0,0,10000
6,0,0,10000
7,0,0,10000
8,0,0,10000
9,0,0,10000
10,0,0,10000
11,0.288911133146,0.0164871069877,1.27332536194
12,2.0858285808,0.955294891759,3.88415882307
13,1.276998948,0.503996711815,2.62116111597
14,2.07920952669,1.03234710208,3.70672992022
15,0.515115994444,0.0853862087406,1.60334541674
16,0.616105207422,0.190734766081,1.44065689479
17,0,0,1.12832050547
18,0.530106460615,0.0878481176178,1.65143889315
19,0,0,0.237090781205
20,1.07783716326,0.460590544706,2.10474828943
21,0.154713561384,0.00881890034721,0.684652737472
22,0,0,0.568055573972
23,0,0,0.28182124566
24,1.44281456506,0.568877288839,2.96086612998
25,0.714540350569,0.255186228581,1.54780811048
26,1.3235521214,0.601976608007,2.48825668724
27,3.43474994838,1.85774844585,5.80705810682
28,4.99739920017,1.2516627568,13.0499820058
29,1.93781675778,0.76735771033,3.95492074232
30,2.33587843369,1.09411109978,4.40182988221
31,3.24247874329,1.91081857177,5.12823997598
32,0,0,0.503671832106
33,0.15586025774,0.00888412679058,0.689760590618
34,1.15391778352,0.35651707752,2.7051094531
35,0.227243987641,0.0129468734966,1.00825784714
36,0,0,0.503671832106
37,0,0,0.277394307939
38,0,0,0.403603319143
39,1.05922459832,0.451264924863,2.07930774007
40,0,0,0.341743967078
41,0.220700721592,0.0125822282269,0.97608529635
42,3.29774983597,1.6991646289,5.71723500939
43,0,0,0.582659865958
44,0,0,0.568055573972
45,0.196517925933,0.0111965489195,0.871123759743
46,0,0,10000
47,0,0,10000
48,0.156004601501,0.00889257975309,0.690340227272
49,0,0,0.503671832106
50,2.16523864789,1.18063104667,3.61756855349
51,0.917235911988,0.227422722646,2.39386858651
52,1.68562034835,0.662567809158,3.46861703459
53,0,0,10000
54,0,0,10000
55,0,0,10000
56,0,0,10000
57,2.02742837089,0.805460686816,4.14584078437
58,2.81047446298,1.28274750135,5.40581384315
59,2.76713934698,1.4196004142,4.85453880486
60,2.5439202375,0.97931336289,5.44307687764
61,9.38703474572,1.53735043452,10000
62,8.78891402962,1.85990440584,33.8559075423
63,6.97948317227,1.45868998885,78.2520732209
64,0,0,14.2127850725
65,0,0,4.53467294231
66,3.49625552748,0.231878797036,50.3018507048
67,1.61866801563,0.0837609352742,19.0743200653
68,22.9573458998,1.5682130621,10000