site,MLE,Lower,Upper
1,0,0,3.16069268554
2,0,0,10000
3,0,0,10000
4,0,0,10000
5,0,0,10000
6,0,0,10000
7,0,0,10000
8,0,0,10000
9,0,0,10000
10,0,0,10000
11,0.233984552356,0.013354411226,1.02959775934
12,1.89401435807,0.868425971323,3.52520267945
13,1.39955547579,0.552549947844,2.87148791894
14,2.45519270071,1.22833292987,4.34541101089
15,0.410559229038,0.0680680792025,1.27758810507
16,0.661698741531,0.204859377275,1.54679823642
17,0,0,0.847846003467
18,0.373957076255,0.0618322903616,1.17201679829
19,0,0,0.245352174248
20,1.26718999676,0.541448286808,2.47505587634
21,0.170738737433,0.00973113475454,0.755921921349
22,0,0,1.00103139705
23,0,0,0.422434698348
24,1.19816830756,0.469612184044,2.4933799233
25,0.761249205292,0.271834926897,1.64928375682
26,1.47386773457,0.671263155544,2.76536570273
27,2.99131691951,1.60306692342,5.1260118042
28,2.90828867127,0.716876342601,7.69232138597
29,1.44023314252,0.569821408983,2.94617184602
30,3.35303437295,1.57752806489,6.24960280897
31,3.15820869302,1.84097203404,5.06511558438
32,0,0,0.353323337813
33,0.171684568844,0.00978566018362,0.759915995346
34,1.51752019575,0.469063677534,3.55854687139
35,0.174375071791,0.0099242544184,0.776177112421
36,0,0,0.353323337813
37,0,0,0.373347516278
38,0,0,0.407764061978
39,1.52481425232,0.648408017904,3.00661728661
40,0,0,0.367171615285
41,0.219244238419,0.0124882395174,0.971201081975
42,2.42040804316,1.24484523469,4.21068227951
43,0,0,0.430962351719
44,0,0,1.00103139705
45,0.21450816107,0.012219036363,0.951387344697
46,0,0,10000
47,0,0,10000
48,0.171726047274,0.00978749303406,0.760245323461
49,0,0,0.353323337813
50,2.39508300981,1.3076885575,3.99517550365
51,0.678407038159,0.168151172652,1.77204060833
52,2.63754521552,1.02545341457,5.53768222585
53,0,0,10000
54,0,0,10000
55,0,0,10000
56,0,0,10000
57,1.51162925585,0.595413393723,3.10798049797
58,2.12013213853,0.989263820797,4.02021241853
59,2.78119414638,1.41312926478,4.9349458664
60,2.22523215674,0.856907225355,4.73977053082
61,20.7378008379,1.63319588888,10000
62,8.00351910616,1.68390923279,30.9844633702
63,7.69747229456,1.66943648951,151.62392586
64,0,0,14.5502698771
65,0,0,3.47754290901
66,6.30065942007,0.614977093697,10000
67,1.79062109885,0.0926147494612,19.6263046514
68,10.2186934977,1.12132581323,10000