site,MLE,Lower,Upper
1,0,0,10000
2,0,0,10000
3,0,0,10000
4,0,0,10000
5,0,0,10000
6,0,0,10000
7,0,0,10000
8,0,0,10000
9,0,0,10000
10,0,0,10000
11,0.0524183589,0.00297996418498,0.234292174183
12,0.932337684513,0.425155581952,1.75798459412
13,0.673441872817,0.26370327442,1.39917225225
14,0.545706931061,0.273620698532,0.962090372199
15,0.159734578997,0.0265303818295,0.494659851806
16,0.137378335343,0.0424655984884,0.322006748066
17,0,0,0.229106268042
18,0.116333517722,0.0192564954621,0.363503328848
19,0,0,0.105519085174
20,0.242041893379,0.103287127568,0.47392920574
21,0.0463139365249,0.00263932099388,0.205124652707
22,0,0,0.268538453044
23,0,0,0.06557999439
24,0.338585648827,0.13356683171,0.695014972094
25,0.235155782836,0.0838306594827,0.511067889745
26,0.309364285668,0.141277948193,0.579837680786
27,0.855010887866,0.461642973404,1.45056597377
28,0.663168976831,0.164871956445,1.72841861119
29,0.474460666821,0.188335406793,0.964059468211
30,0.969928493344,0.45560570859,1.77760940454
31,1.10646189934,0.646393251928,1.77315446727
32,0,0,0.109282883327
33,0.0465326546026,0.00265169889223,0.206114282247
34,0.458712828877,0.141890135612,1.07318209235
35,0.0569727537289,0.00324350466858,0.253279074972
36,0,0,0.109282883327
37,0,0,0.0785730024027
38,0,0,0.120585593419
39,0.295621533117,0.126103158849,0.579102854322
40,0,0,0.0941979076629
41,0.117103313765,0.00667355607452,0.518602343886
42,0.782259386024,0.40473357432,1.34769007253
43,0,0,0.143958172078
44,0,0,0.268538453044
45,0.114793701487,0.00652124846787,0.514033620942
46,0,0,10000
47,0,0,10000
48,0.0472248910969,0.0026913171158,0.209128292079
49,0,0,0.109282883327
50,0.595152950205,0.327129487047,0.991522299338
51,0.225804688512,0.0561400452279,0.586907734609
52,0.788311070305,0.308586423787,1.63628664681
53,0,0,10000
54,0,0,10000
55,0,0,10000
56,0,0,10000
57,0.535292976175,0.2136736423,1.08123519424
58,0.934428887635,0.465482649429,1.65193299964
59,1.34527355935,0.685028982281,2.39142528701
60,0.800569995064,0.312237433278,1.66346783694
61,9.53953248397,1.53959351063,10000
62,2.54757845697,0.566682174862,10.8243267891
63,2.08240370594,0.408481706148,13.4509707396
64,0,0,12.1579588787
65,0,0,1.38080875765
66,1.59758912667,0.181607095146,18.0905474076
67,0.849383258761,0.0436426996231,9.8386461397
68,4.56286583957,0.496836722744,10000