site,MLE,Lower,Upper
1,0,0,10000
2,0,0,10000
3,0,0,10000
4,0,0,10000
5,0,0,10000
6,0,0,10000
7,0,0,10000
8,0,0,10000
9,0,0,10000
10,0,0,10000
11,0.181514851621,0.0103238662777,0.809886119756
12,3.24804492382,1.48648261574,6.09546430633
13,2.31800343387,0.909208923596,4.80692771497
14,1.80398897314,0.897322406683,3.20646742892
15,0.552399941061,0.0917578421242,1.71014097529
16,0.473510559725,0.146486966548,1.10874598787
17,0,0,0.792482022098
18,0.402513265643,0.0666633163728,1.25588566914
19,0,0,0.364987390044
20,0.834943097912,0.356824634873,1.63309428904
21,0.160350056086,0.00913957794755,0.709743597487
22,0,0,0.928970176758
23,0,0,0.226894595032
24,1.16841652851,0.46160432592,2.39547126017
25,0.809707099331,0.288832708747,1.75761201313
26,1.06599410817,0.487433391958,1.99378788584
27,2.9583277088,1.59591244101,5.02627295253
28,2.34369672103,0.582599200578,6.09127366
29,1.61445718226,0.639491557524,3.28213405096
30,3.12322855136,1.48052963517,5.7587668843
31,3.84205589256,2.24408219824,6.14650184539
32,0,0,0.377955348394
33,0.161448479194,0.00920089645451,0.714943262896
34,1.58669142211,0.491503651542,3.71212363329
35,0.197030473051,0.0112199264674,0.875121799145
36,0,0,0.377955348394
37,0,0,0.2717988392
38,0,0,0.417210853114
39,1.02075679146,0.43576090153,1.99681552708
40,0,0,0.325899638199
41,0.40498734975,0.0230836222255,1.79240894556
42,2.69788138836,1.39610893381,4.64673859048
43,0,0,0.498128158372
44,0,0,0.928970176758
45,0.39686412703,0.0225565157955,1.77407604898
46,0,0,10000
47,0,0,10000
48,0.162345664489,0.0092533065485,0.718564883113
49,0,0,0.377955348394
50,2.01892488538,1.10743479012,3.36665534326
51,0.781182099994,0.194131907033,2.02875012294
52,2.73783753345,1.07415560422,5.65832449352
53,0,0,10000
54,0,0,10000
55,0,0,10000
56,0,0,10000
57,1.77777464204,0.706193704819,3.6088058739
58,2.87411563208,1.36194444373,5.23843774642
59,4.35600159415,2.23702293443,7.66932886268
60,2.56347548358,1.00195675724,5.3206631544
61,21.6325156838,2.76368170971,10000
62,7.38433933782,1.69610102124,31.5881779853
63,5.8988682726,1.17534929059,34.8790299235
64,0,0,25.2797684677
65,0,0,3.43569584654
66,3.79600204368,0.434361996374,46.6090594039
67,2.12206759517,0.10951196955,21.8658584867
68,9.21021687631,1.03876495195,10000