site,MLE,Lower,Upper
1,0,0,3.37098935459
2,0,0,10000
3,0,0,10000
4,0,0,10000
5,0,0,10000
6,0,0,10000
7,0,0,10000
8,0,0,10000
9,0,0,10000
10,0,0,10000
11,0.241752168731,0.0137946623472,1.06635343946
12,1.74107852998,0.795537102462,3.25196209521
13,1.22791910225,0.485629608671,2.51091295132
14,2.09008353573,1.03607262246,3.7353401699
15,0.233399471086,0.03873319699,0.724311100506
16,0.690943686142,0.213900206788,1.61425489292
17,0,0,0.530390434567
18,0.498336027607,0.0826162309261,1.55311050174
19,0,0,0.250488173166
20,1.17543496492,0.502236373229,2.29119161441
21,0.21450816107,0.0122179647435,0.949226574878
22,0,0,0.824321422093
23,0,0,0.286239185731
24,1.39783603288,0.551592499472,2.87044305434
25,0.850871357316,0.304039657072,1.84072079866
26,1.53142422568,0.695282907569,2.88925151185
27,3.2869924813,1.7765866926,5.56641505078
28,2.18474233107,0.542385801218,5.70490216182
29,1.85167508409,0.732571081487,3.78432752301
30,3.4629457705,1.58612890932,6.78077791555
31,3.37711232678,1.9878207812,5.35464185702
32,0,0,0.471410524616
33,0.217111613374,0.0123725703273,0.960266742787
34,1.88893981261,0.582691489066,4.44177558733
35,0.218977251666,0.0124796006085,0.971040747223
36,0,0,0.471410524616
37,0,0,0.283130146631
38,0,0,0.313673845275
39,1.09427249348,0.46483527933,2.15967539426
40,0,0,0.25332344625
41,0.218902960917,0.0124655252308,0.972499543593
42,3.16167048617,1.62910521692,5.48325043113
43,0,0,0.558632814152
44,0,0,0.824321422093
45,0.191643326468,0.0109227071608,0.848341203767
46,0,0,10000
47,0,0,10000
48,0.216847685538,0.0123607072209,0.960327457791
49,0,0,0.471410524616
50,2.31644372363,1.25874253214,3.88538528236
51,0.87990490247,0.218255092803,2.29653513843
52,2.25522600602,0.882540077845,4.69079808311
53,0,0,10000
54,0,0,10000
55,0,0,10000
56,0,0,10000
57,1.94454259094,0.768299049645,3.98410301074
58,2.56854984374,1.20405230305,4.88466551321
59,2.86814288402,1.47758168406,5.00450078549
60,2.56402196461,0.995221783389,5.41556008463
61,21.687293721,1.79353799315,10000
62,5.69638671551,1.29057412921,20.3629793055
63,4.36268856234,0.729241513324,37.4369558011
64,0,0,13.6435545199
65,0,0,4.35982162294
66,3.75989200761,0.241779352021,10000
67,1.28456792217,0.0688600859081,10.581076551
68,12.4357849678,1.3695645052,10000