site,MLE,Lower,Upper
1,0,0,3.09065967521
2,0,0,10000
3,0,0,10000
4,0,0,10000
5,0,0,10000
6,0,0,10000
7,0,0,10000
8,0,0,10000
9,0,0,10000
10,0,0,10000
11,0.208651828531,0.0119032196379,0.920548197691
12,2.3869308861,1.11528989723,4.36506837302
13,1.15919736898,0.458548909803,2.37238035039
14,1.92981188871,0.965635995389,3.41345045637
15,0.61511012966,0.116167523541,1.73327268936
16,0.891280123441,0.303580779659,1.94080712928
17,0,0,0.417639711044
18,0.43414673617,0.0722100662573,1.34237163121
19,0,0,0.398277179331
20,1.10375359566,0.471651899136,2.15525788738
21,0.173134718848,0.00986821162041,0.766366551877
22,0,0,0.604387610302
23,0,0,0.261220492303
24,1.20228727078,0.47765597126,2.4582870024
25,1.21948533579,0.457255096889,2.52784278428
26,1.43443253939,0.649085152163,2.72176246552
27,3.83602570942,2.14820057022,6.33658248596
28,0.396473694422,0.0985299627604,1.02967432056
29,2.12064563885,0.840562608515,4.32609840533
30,2.29444477203,1.16323463479,4.01685999979
31,4.38268387442,2.56581529046,7.00738987124
32,0,0,0.365152308329
33,0.174502864956,0.00994438886431,0.77294584588
34,0.885104733356,0.273059000266,2.08177735538
35,0.193966680743,0.011048280301,0.860653204737
36,0,0,0.365152308329
37,0,0,0.224027686515
38,0,0,0.407829164259
39,0.867560191892,0.370496921745,1.69529901612
40,0,0,0.263745693514
41,0.179516915311,0.010237654251,0.793017024163
42,3.7427098262,1.95766493504,6.37558958063
43,0,0,0.603701404653
44,0,0,0.604387610302
45,0.177219818554,0.0101017779905,0.784259020803
46,0,0,10000
47,0,0,10000
48,0.176607989055,0.010065164016,0.781989628143
49,0,0,0.365152308329
50,2.88409585327,1.61430322747,4.73391467341
51,1.04545760277,0.260690996603,2.70038999675
52,2.15275585142,0.851591285543,4.39504226047
53,0,0,10000
54,0,0,10000
55,0,0,10000
56,0,0,10000
57,2.41710608585,0.979811410748,4.80482799767
58,3.99482488556,2.03276594993,6.97789854648
59,5.0796765532,2.63594857907,8.945235526
60,3.59798439405,1.44275307664,7.299664309
61,13.4470295863,3.19419750366,164.457875849
62,4.78134533382,1.26766063837,14.9924533126
63,4.79955156481,0.676878310952,35.7175036736
64,0,0,31.0230557301
65,0,0,4.79725945336
66,3.10815399236,0.317362709067,28.3843957426
67,3.21251076273,0.11226333499,43.7450974299
68,80.8645068999,4.60264085419,10000