site,MLE,Lower,Upper
1,0,0,0.609854541973
2,0,0,8891.43915605
3,0,0,8891.43915605
4,0,0,8891.43915605
5,0,0,8891.43915605
6,0,0,8891.43915605
7,0,0,8891.43915605
8,0,0,8891.43915605
9,0,0,8891.43915605
10,0,0,8891.43915605
11,0.0304072245846,0.00173366278821,0.134453198988
12,1.28528976793,0.599722879751,2.36792357824
13,0.42835886563,0.169458192613,0.873932825564
14,0.501082225996,0.24869848459,0.900650432439
15,0.273225662319,0.0453249513886,0.848425888985
16,0.151823384325,0.0467492848299,0.358740294529
17,0,0,0.143201694306
18,0.160629802457,0.0264728480812,0.507398424082
19,0,0,0.0828432216782
20,0.217642127613,0.092581536046,0.427912344952
21,0.0402024653359,0.0022894630073,0.178516390438
22,0,0,0.244866068617
23,0,0,0.0419598572323
24,0.377810536243,0.148610792793,0.780847391499
25,0.208859588133,0.0742839083835,0.45600102084
26,0.340282981509,0.152984952899,0.653698441242
27,1.0698562368,0.567999055044,1.85735677527
28,0.882397232876,0.221398382291,2.28244377964
29,0.441569366907,0.175438157869,0.898172768119
30,1.16579132601,0.540571189027,2.17561080612
31,1.01681139153,0.594951841362,1.62434787263
32,0,0,0.153054605612
33,0.0406831104848,0.0023166898297,0.180690560277
34,0.586831242331,0.180359489371,1.3880394685
35,0.0713348350519,0.00405406026922,0.319124609913
36,0,0,0.153054605612
37,0,0,0.0641857435449
38,0,0,0.258692029119
39,0.247041737422,0.104224692244,0.493010839803
40,0,0,0.118704194899
41,0.184961263113,0.0105484266877,0.816866845062
42,0.787380741471,0.403804823211,1.37437299585
43,0,0,0.124392686737
44,0,0,0.244866068617
45,0.067552683817,0.00385076683995,0.298871929717
46,0,0,8891.43915605
47,0,0,8891.43915605
48,0.0411901930238,0.00234587859467,0.182851297937
49,0,0,0.153054605612
50,0.620109853831,0.334035503903,1.05737836612
51,0.196713839353,0.0487654610353,0.514161447834
52,0.675555859209,0.263763196967,1.41284050416
53,0,0,8891.43915605
54,0,0,8891.43915605
55,0,0,8891.43915605
56,0,0,8891.43915605
57,0.453216298332,0.179353755676,0.928069816959
58,0.816534039659,0.403922982709,1.46151652204
59,1.07947270664,0.557148830795,1.89006097929
60,0.656355687693,0.253438838461,1.40025554476
61,9.94318627075,1.16161721446,8891.43901766
62,2.72883245954,0.577509318834,10.1939655839
63,2.61126441828,0.590601060556,17.6789395582
64,0,0,7.82936300772
65,0,0,1.24878562181
66,1.39998259848,0.173071090681,8891.43914667
67,0.60937922841,0.0330671650685,4.07860257758
68,3.93662975187,0.45941698891,8891.43907617