site,MLE,Lower,Upper,LogL_global,LogL_local
1,0,0,1.76424063345,-3.60529674685,-2.97325279214
2,1.39088940385,0.0788374161113,6.28928164738,-8.31676273818,-7.70732436561
3,4.41056456012,1.31894948745,11.1283705652,-21.0656296209,-19.4150123829
4,7.25152410092,1.20001955286,22.6819180355,-25.2646582876,-23.3803142905
5,3.66336744646,0.606290087689,11.4557176401,-20.7979940372,-19.6209326609
6,2.88051379306,0.472380948165,9.24747982499,-13.2153620809,-12.1849099632
7,2.78595260741,0.460389612372,8.7532755723,-13.1169009964,-12.0983909618
8,0,0,4.8835007753,-3.28387967333,-2.96888946618
9,0,0,1.72066929241,-2.91370355656,-2.26999004937
10,0,0,3.7825624989,-2.82246632079,-2.43769367216
11,0,0,2.60192105532,-2.77756713651,-2.27941348179
12,0,0,1.80098671707,-2.91937433299,-2.2926096705
13,0,0,4.24765800838,-2.93124347041,-2.57954174445
14,0,0,5.10545038891,-3.96715619927,-3.66341630785
15,0,0,2.280782643,-3.09697489854,-2.5552580977
16,1.37254547007,0.0779794101502,6.15580371741,-9.07016227174,-8.45970087466
17,2.92009272979,0.710404878587,7.98443171845,-13.5833775929,-12.4055474335
18,0,0,3.22466246162,-4.09249471706,-3.66341630785
19,0,0,7.12288756298,-3.20196209895,-2.97034179379
20,0,0,2.280782643,-3.09697489854,-2.5552580977
21,0,0,2.60343599631,-3.05535659485,-2.55814119037
22,5.13990530255,1.77237614367,11.9743359462,-19.8364807217,-17.7835988268
23,0,0,4.8835007753,-3.28387967333,-2.96888946618
24,0,0,2.60192105532,-2.77756713651,-2.27941348179
25,0,0,1.80098671707,-2.91937433299,-2.2926096705
26,1.71756295753,0.0972918540158,7.78250608947,-10.5207824392,-9.89663587572
27,1.78369665775,0.100846844105,8.17131502444,-10.4884256717,-9.86028052124
28,1.31913367704,0.0747586674714,5.9608708675,-9.94017556443,-9.33173280964
29,0,0,7.12288756298,-3.20196209895,-2.97034179379
30,1.14160349215,0.0648322988335,5.12028536341,-9.20827403648,-8.59555432974
31,0,0,1.72066929241,-2.91370355656,-2.26999004937
32,0,0,2.1579889939,-3.27116073335,-2.71068111868
33,0,0,2.60343599631,-3.05535659485,-2.55814119037
34,0.957831453122,0.0544653054144,4.2782453049,-8.70780307074,-8.08318948932
35,0,0,3.11080699625,-3.41083449744,-2.97034179379
36,2.05848859212,0.11596863736,9.51067189433,-8.89672870572,-8.24503549545
37,0,0,1.72066929241,-2.91370355656,-2.26999004937
38,0,0,3.11080699625,-3.41083449744,-2.97034179379
39,0,0,4.24765800838,-2.93124347041,-2.57954174445