site,MLE,Lower,Upper
1,0,0,17.1602075892
2,0,0,10000
3,0,0,10000
4,0,0,10000
5,0,0,10000
6,0,0,10000
7,0,0,10000
8,0,0,10000
9,0,0,10000
10,0,0,10000
11,0,0,41.1266363789
12,0,0,2.4131466773
13,2.25174274373,0.37269704991,7.04054011889
14,4.57687315754,1.3879174591,11.1967463765
15,2.68868349801,0.443570503193,8.47382698774
16,4.05315163031,0.992264007724,10.824128297
17,2.21715636197,0.366430546059,6.95792005845
18,1.97531944712,0.112322368033,8.82453450457
19,0,0,5.60210392692
20,0,0,1.61182030735
21,0,0,3.21667378458
22,0,0,2.08332816177
23,0,0,1.71840367637
24,0,0,2.606345566
25,0,0,11.2872496579
26,0,0,3.30138234953
27,1.36567519886,0.0775473315792,6.13021162651
28,3.87291499716,1.1688842522,9.51711521961
29,0,0,2.81320956927
30,2.87460329015,0.163146531544,12.923666858
31,0,0,3.30138234953
32,0,0,2.60939182993
33,2.77135966304,0.674705289872,7.55587915868
34,0,0,5.60210392692
35,1.09611254444,0.0624086606851,4.87231711524
36,0,0,1.71840367637
37,4.22592754007,1.04175477073,11.1916625801
38,0,0,3.21667378458
39,1.53580861889,0.0871129136437,6.93187104249
40,0,0,5.92497430879
41,0.910948835737,0.0518087852389,4.0666122814
42,0.84817717225,0.0479957644072,3.86237478515
43,0,0,1.73620100365
44,0,0,2.60939182993
45,0,0,2.4131466773
46,0,0,2.09707442237
47,3.37183339792,0.55812045463,10.6069281203
48,0,0,1.61182030735
49,0,0,2.09707442237
50,0,0,2.606345566