site,MLE,Lower,Upper,LogL_global,LogL_local
1,0,0,2.00530130001,-3.93289846206,-2.97325279214
2,1.07054231415,0.0608759832486,4.78746778586,-8.69126754956,-8.68901373062
3,6.34379789875,2.22853796423,14.3550529352,-29.19050427,-24.275979467
4,2.06461127377,0.342261048418,6.41727259539,-29.2433926142,-28.8269637376
5,2.04598584613,0.338991280235,6.38527984986,-24.2470102266,-23.8400139314
6,2.25148254918,0.37158151342,7.11041609904,-13.4111422285,-12.9052559492
7,1.97454563414,0.32770357726,6.12766340595,-16.6619754668,-16.2896090747
8,0,0,1.89590417136,-3.9836850221,-2.96888946618
9,0,0,2.27120221706,-3.11966577159,-2.26999004937
10,0,0,1.97593989394,-3.41276995133,-2.43769367216
11,0,0,2.01127496679,-3.23799031029,-2.27941348179
12,0,0,2.27077907798,-3.14235263967,-2.2926096705
13,0,0,1.94952884294,-3.56735337721,-2.57954174445
14,0,0,1.84259391984,-4.70664477967,-3.66341630785
15,0,0,1.95374082359,-3.54101493933,-2.5552580977
16,1.02988788023,0.0586240330374,4.58629034269,-9.36093514787,-9.36050820155
17,7.92433702854,3.09063296773,16.724226884,-27.9278284919,-20.8894854748
18,0,0,1.84259391984,-4.70664477967,-3.66341630785
19,0,0,1.8957451905,-3.98521968911,-2.97034179379
20,0,0,1.95374082359,-3.54101493933,-2.5552580977
21,0,0,1.95323442504,-3.54414459267,-2.55814119037
22,14.5427481946,6.97618176696,27.8449801895,-46.1817847331,-29.3931965284
23,0,0,1.89590417136,-3.9836850221,-2.96888946618
24,0,0,2.01127496679,-3.23799031029,-2.27941348179
25,0,0,2.27077907798,-3.14235263967,-2.2926096705
26,1.0356403741,0.0589378057671,4.61639538625,-9.66606743133,-9.66546510887
27,1.03786467291,0.0590698099892,4.62434516046,-9.66379366974,-9.66311558989
28,1.0879364759,0.061904159573,4.84904791925,-8.34570965872,-8.34227731772
29,0,0,1.8957451905,-3.98521968911,-2.97034179379
30,1.01745885239,0.057940198359,4.52318460786,-9.80262293947,-9.80247474965
31,0,0,2.27120221706,-3.11966577159,-2.26999004937
32,0,0,1.92873849232,-3.70877076176,-2.71068111868
33,0,0,1.95323442504,-3.54414459267,-2.55814119037
34,1.05815131493,0.0602578896394,4.7009496465,-8.09927311058,-8.09771278538
35,0,0,1.8957451905,-3.98521968911,-2.97034179379
36,1.09923462576,0.0625279571028,4.90543507009,-7.96080052785,-7.95649224275
37,0,0,2.27120221706,-3.11966577159,-2.26999004937
38,0,0,1.8957451905,-3.98521968911,-2.97034179379
39,0,0,1.94952884294,-3.56735337721,-2.57954174445