site,MLE,Lower,Upper,LogL_global,LogL_local
1,0,0,1.76893712068,-4.06241499819,-2.97325279214
2,1.3408624981,0.075933251102,6.09395742594,-7.90674281439,-7.86815072169
3,4.36259516789,1.29535877135,11.1660664043,-22.1701567383,-19.5114173086
4,9.80670836547,1.62342840941,30.6353942136,-25.9812236528,-23.2197362029
5,4.89110774869,0.809135525576,15.3050384761,-20.5074160043,-18.9314430257
6,2.96133950566,0.48873985933,9.4504375468,-13.862330198,-13.0236214832
7,2.89318001891,0.477472940807,9.12244005406,-12.7153862764,-11.9071315473
8,0,0,7.46281338514,-3.22761955588,-2.96888946618
9,0,0,1.65408403934,-3.44349344929,-2.26999004937
10,0,0,3.69616156327,-2.9651990249,-2.43769367216
11,0,0,2.46945280942,-3.06521253756,-2.27941348179
12,0,0,1.64311874118,-3.47272416622,-2.2926096705
13,0,0,5.97898496855,-2.90441331011,-2.57954174445
14,0,0,5.52826158194,-4.0122094281,-3.66341630785
15,0,0,2.29861030524,-3.39721846325,-2.5552580977
16,1.34844870303,0.0765932698161,6.06124586308,-8.62095953567,-8.58069976385
17,2.69088277407,0.652573545204,7.41550973299,-13.1618868298,-12.1164916472
18,0,0,3.22742506753,-4.26049812912,-3.66341630785
19,0,0,7.44536933478,-3.23064081071,-2.97034179379
20,0,0,2.29861030524,-3.39721846325,-2.5552580977
21,0,0,2.54034691086,-3.31905895691,-2.55814119037
22,4.78074511824,1.6402107193,11.2510340763,-20.8257490078,-17.1666395444
23,0,0,7.46281338514,-3.22761955588,-2.96888946618
24,0,0,2.46945280942,-3.06521253756,-2.27941348179
25,0,0,1.64311874118,-3.47272416622,-2.2926096705
26,1.66997968314,0.09454627666,7.61000874171,-10.5627655486,-10.4523658116
27,1.75002094743,0.0987187038659,8.09282454174,-10.5378409929,-10.4090556633
28,1.34528620489,0.0761698743708,6.11951815909,-10.0171162458,-9.97757568035
29,0,0,7.44536933478,-3.23064081071,-2.97034179379
30,1.09507836076,0.0621077280128,4.94436957476,-8.42550127151,-8.42154973019
31,0,0,1.65408403934,-3.44349344929,-2.26999004937
32,0,0,2.07098944768,-3.64427906561,-2.71068111868
33,0,0,2.54034691086,-3.31905895691,-2.55814119037
34,0.939824142922,0.0534151568553,4.20559272678,-7.96933601713,-7.96738830212
35,0,0,3.59664134657,-3.50739496005,-2.97034179379
36,2.05220566159,0.115082820588,9.6093136773,-9.01759354013,-8.81612700647
37,0,0,1.65408403934,-3.44349344929,-2.26999004937
38,0,0,3.59664134657,-3.50739496005,-2.97034179379
39,0,0,5.97898496855,-2.90441331011,-2.57954174445