site,MLE,Lower,Upper,LogL_global,LogL_local
1,0,0,1.78064882111,-4.0551064387,-2.97325279214
2,1.40079376244,0.0794290682487,6.33123105543,-7.77068351327,-7.72032916153
3,4.42892963166,1.32550933693,11.150732734,-22.1789498137,-19.4474126014
4,7.30732428465,1.20933676158,22.8514248679,-25.6054548663,-23.3624286426
5,3.69240494075,0.611166366176,11.542950205,-20.732934917,-19.5845711176
6,2.90540366058,0.475824278008,9.30202688443,-12.9997301049,-12.194309945
7,2.80716694602,0.463961074289,8.81562634438,-12.8763760968,-12.1055936211
8,0,0,4.92188677115,-3.36088988263,-2.96888946618
9,0,0,1.73360042255,-3.38820014002,-2.26999004937
10,0,0,3.81130979382,-2.94849237976,-2.43769367216
11,0,0,2.6219211966,-3.01822906388,-2.27941348179
12,0,0,1.81456633906,-3.36102499336,-2.2926096705
13,0,0,4.2805883897,-3.03195965753,-2.57954174445
14,0,0,5.1458424867,-4.03766038763,-3.66341630785
15,0,0,2.29844700228,-3.39611766063,-2.5552580977
16,1.38476303602,0.0786043155811,6.20172245387,-8.49459072026,-8.44755695525
17,2.94478310911,0.715966505519,8.03446335052,-13.6287344395,-12.4097551391
18,0,0,3.25010020042,-4.25617594549,-3.66341630785
19,0,0,7.17866992875,-3.23962049972,-2.97034179379
20,0,0,2.29844700228,-3.39611766063,-2.5552580977
21,0,0,2.62370267584,-3.29435788781,-2.55814119037
22,5.17430518216,1.78673790832,12.0282578347,-21.6928740284,-17.6951644496
23,0,0,4.92188677115,-3.36088988263,-2.96888946618
24,0,0,2.6219211966,-3.01822906388,-2.27941348179
25,0,0,1.81456633906,-3.36102499336,-2.2926096705
26,1.72688723068,0.0978358716585,7.81994439409,-10.012325996,-9.88831628274
27,1.80279388931,0.101947889628,8.24940226695,-9.99107244426,-9.84899301792
28,1.32488250231,0.0750996986869,5.98294827683,-9.4010630394,-9.36539132768
29,0,0,7.17866992875,-3.23962049972,-2.97034179379
30,1.14896328412,0.0653486073863,5.15801629189,-8.59729511457,-8.58803219107
31,0,0,1.73360042255,-3.38820014002,-2.26999004937
32,0,0,2.17478206496,-3.59828506308,-2.71068111868
33,0,0,2.62370267584,-3.29435788781,-2.55814119037
34,0.962987064713,0.0547639588299,4.29976536546,-8.11665080448,-8.11593635526
35,0,0,3.13514889586,-3.58601421527,-2.97034179379
36,2.06968447295,0.11671530744,9.55476484612,-8.48421936613,-8.27682131442
37,0,0,1.73360042255,-3.38820014002,-2.26999004937
38,0,0,3.13514889586,-3.58601421527,-2.97034179379
39,0,0,4.2805883897,-3.03195965753,-2.57954174445