site,MLE,Lower,Upper,LogL_global,LogL_local
1,0,0,2.12533524866,-3.88116727935,-2.97325279214
2,0.953654890523,0.0539317911261,4.35461962111,-6.90838800985,-6.90726724188
3,3.77379928689,1.12937466535,9.54444622157,-21.7519715294,-19.4918243808
4,11.6408488658,1.92719498946,36.3486867673,-25.419847906,-22.3477596106
5,3.53546829427,0.584768703189,11.0721871769,-19.7040613326,-18.6192121583
6,1.91721277199,0.313225559798,6.22374322094,-11.4764249829,-11.1411637785
7,3.33720732981,0.548887683863,10.6126128225,-12.6701836154,-11.6734234188
8,0,0,4.76287783931,-3.37478702515,-2.96888946618
9,0,0,1.49391803567,-3.56387507216,-2.26999004937
10,0,0,3.9242041745,-2.93725911377,-2.43769367216
11,0,0,1.8062295179,-3.35192336484,-2.27941348179
12,0,0,2.00794282827,-3.26162240949,-2.2926096705
13,0,0,4.05098155056,-3.05805145849,-2.57954174445
14,0,0,19.4269467925,-3.7626845392,-3.66341630785
15,0,0,2.84948537858,-3.23488136932,-2.5552580977
16,1.12383056553,0.0635481191021,5.12635218292,-7.47195429621,-7.46551661586
17,3.10815399236,0.754131838449,8.58454710617,-13.5958765632,-12.2729437222
18,0,0,3.1198629463,-4.28222373824,-3.66341630785
19,0,0,6.12265322868,-3.2864482234,-2.97034179379
20,0,0,2.84948537858,-3.23488136932,-2.5552580977
21,0,0,2.1627967206,-3.45531371395,-2.55814119037
22,5.47100363576,1.88037409825,12.8036409786,-21.6520676764,-17.4553836365
23,0,0,4.76287783931,-3.37478702515,-2.96888946618
24,0,0,1.8062295179,-3.35192336484,-2.27941348179
25,0,0,2.00794282827,-3.26162240949,-2.2926096705
26,1.90012117874,0.107202833449,8.73784714725,-10.2168228726,-10.0513509702
27,1.94322418103,0.109646125863,8.94993637119,-10.2165075551,-10.0403983691
28,1.55593925151,0.0882027740657,7.02551625311,-8.50771460737,-8.4239080862
29,0,0,6.12265322868,-3.2864482234,-2.97034179379
30,1.50406637874,0.08545665819,6.73852969701,-9.49649712252,-9.42405223773
31,0,0,1.49391803567,-3.56387507216,-2.26999004937
32,0,0,2.78474718301,-3.40503814186,-2.71068111868
33,0,0,2.1627967206,-3.45531371395,-2.55814119037
34,1.1161678125,0.0634153862816,5.00306979761,-7.62181544523,-7.61604471295
35,0,0,7.20756664648,-3.24013846192,-2.97034179379
36,2.13812378781,0.120108201172,9.99470796431,-8.73851697503,-8.51556057475
37,0,0,1.49391803567,-3.56387507216,-2.26999004937
38,0,0,7.20756664648,-3.24013846192,-2.97034179379
39,0,0,4.05098155056,-3.05805145849,-2.57954174445