site,MLE,Lower,Upper,LogL_global,LogL_local
1,0,0,2.41410691857,-3.77308442854,-2.97325279214
2,1.31907584827,0.074725073591,5.98350965989,-7.39265295088,-7.35807974268
3,3.65337174797,1.08147782362,9.41732567699,-21.4484143229,-19.3121256743
4,11.8729933299,1.95871321862,37.4208853064,-24.7542707742,-21.6531421614
5,3.9888038393,0.658129432769,12.5649018862,-19.6310160407,-18.3730573417
6,2.63771345238,0.430902494804,8.54606931853,-12.0790242008,-11.3972375354
7,3.62266389211,0.597484577592,11.4356147406,-13.3752314548,-12.2589733199
8,0,0,6.18555535142,-3.28152238397,-2.96888946618
9,0,0,1.34923570453,-3.70333571453,-2.26999004937
10,0,0,4.22155110094,-2.89952487002,-2.43769367216
11,0,0,2.4846762308,-3.05961753455,-2.27941348179
12,0,0,1.60924728811,-3.50065698835,-2.2926096705
13,0,0,5.35013536844,-2.94572874502,-2.57954174445
14,0,0,11.4523533953,-3.83176454826,-3.66341630785
15,0,0,2.55155800195,-3.31318665411,-2.5552580977
16,1.3408624981,0.0760586761183,6.0666324145,-8.10516471378,-8.06637215203
17,2.56149910294,0.617444824361,7.15860777145,-12.6087033123,-11.6611722213
18,0,0,3.74153058641,-4.18001544875,-3.66341630785
19,0,0,8.40431295082,-3.20079790039,-2.97034179379
20,0,0,2.55155800195,-3.31318665411,-2.5552580977
21,0,0,2.55519526682,-3.31615919965,-2.55814119037
22,4.6174484345,1.57000060206,11.0175752785,-19.8218193318,-16.3354412211
23,0,0,6.18555535142,-3.28152238397,-2.96888946618
24,0,0,2.4846762308,-3.05961753455,-2.27941348179
25,0,0,1.60924728811,-3.50065698835,-2.2926096705
26,1.77721844032,0.100701109543,8.0418432872,-8.95952376624,-8.82326598307
27,1.88966317448,0.106730055046,8.7017516666,-8.93636307479,-8.77324271091
28,1.4357927922,0.0815454687591,6.47219589468,-8.86583948902,-8.80794207677
29,0,0,8.40431295082,-3.20079790039,-2.97034179379
30,1.07312450432,0.0609516486211,4.81849525663,-8.3070614281,-8.30465291888
31,0,0,1.34923570453,-3.70333571453,-2.26999004937
32,0,0,2.02845680902,-3.66230212188,-2.71068111868
33,0,0,2.55519526682,-3.31615919965,-2.55814119037
34,1.26822167279,0.0720724525497,5.66926765437,-7.49516567563,-7.46932693715
35,0,0,4.00342935364,-3.45526572754,-2.97034179379
36,2.11866916277,0.119596887452,9.73410465936,-7.44765457572,-7.22811609418
37,0,0,1.34923570453,-3.70333571453,-2.26999004937
38,0,0,4.00342935364,-3.45526572754,-2.97034179379
39,0,0,5.35013536844,-2.94572874502,-2.57954174445