site,MLE,Lower,Upper,LogL_global,LogL_local
1,0,0,2.40746000166,-3.50429726455,-2.97325279214
2,1.31710523527,0.0745986063811,5.97949742698,-7.92368713941,-7.33854724456
3,3.66831570519,1.08403331844,9.47969561588,-20.6764536129,-19.2530843609
4,11.867351156,1.95773443028,37.4058385878,-24.2799880891,-21.6763552794
5,3.9785222569,0.656303911666,12.5384028864,-19.6469980188,-18.4113832597
6,2.63424624516,0.430158502781,8.54630029585,-12.3724970252,-11.3950152659
7,3.61671769161,0.59638069285,11.4237805675,-13.3977490164,-12.2367666491
8,0,0,6.17298635413,-3.23183680933,-2.96888946618
9,0,0,1.3471050385,-3.02413798229,-2.26999004937
10,0,0,4.21411674653,-2.79647592599,-2.43769367216
11,0,0,2.48010188044,-2.80130871586,-2.27941348179
12,0,0,1.60689345049,-2.97676919243,-2.2926096705
13,0,0,5.34133193565,-2.87829856401,-2.57954174445
14,0,0,11.4280532747,-3.8167449956,-3.66341630785
15,0,0,2.54660123775,-3.06741645662,-2.5552580977
16,1.3377279264,0.0758972332332,6.05910743335,-8.6635744349,-8.0776544293
17,2.55848544944,0.616448891556,7.15858358732,-12.7859522921,-11.6755205464
18,0,0,3.73401211392,-4.05439896125,-3.66341630785
19,0,0,8.38742648318,-3.17301395177,-2.97034179379
20,0,0,2.54660123775,-3.06741645662,-2.5552580977
21,0,0,2.55037527832,-3.07022772673,-2.55814119037
22,4.55839315572,1.54963639045,10.8822136796,-18.330982835,-16.5112655483
23,0,0,6.17298635413,-3.23183680933,-2.96888946618
24,0,0,2.48010188044,-2.80130871586,-2.27941348179
25,0,0,1.60689345049,-2.97676919243,-2.2926096705
26,1.78048794836,0.100869274561,8.06154242973,-9.45624557721,-8.84702708458
27,1.87773015515,0.106021180875,8.66280512245,-9.41060325788,-8.79415147746
28,1.43929862542,0.0816183845743,6.48275638211,-9.35774863125,-8.76869515489
29,0,0,8.38742648318,-3.17301395177,-2.97034179379
30,1.0709664088,0.060821457649,4.81155440721,-8.89890702741,-8.30757124066
31,0,0,1.3471050385,-3.02413798229,-2.26999004937
32,0,0,2.02444966323,-3.30354805428,-2.71068111868
33,0,0,2.55037527832,-3.07022772673,-2.55814119037
34,1.26725840254,0.0720454110563,5.66977108391,-8.0186883098,-7.43136636605
35,0,0,3.99594550744,-3.34294264207,-2.97034179379
36,2.11238877225,0.119201842966,9.71889211679,-7.83344312745,-7.19309650759
37,0,0,1.3471050385,-3.02413798229,-2.26999004937
38,0,0,3.99594550744,-3.34294264207,-2.97034179379
39,0,0,5.34133193565,-2.87829856401,-2.57954174445