site,MLE,Lower,Upper
1,0,0,12.5618961418
2,0,0,10000
3,0,0,10000
4,0,0,10000
5,0,0,10000
6,0,0,10000
7,0,0,10000
8,0,0,10000
9,0,0,10000
10,0,0,10000
11,0,0,20.3899691911
12,0,0,1.66420978339
13,5.39244920233,1.2008703108,14.560009753
14,6.41300730803,1.98387228736,15.0736771346
15,3.24436418945,0.533071620787,10.2186395792
16,6.59787478616,1.85877279011,15.5071163204
17,5.47154713837,1.21912133985,14.7512917763
18,1.16078498658,0.0662226695998,5.13500185005
19,0,0,2.47324877821
20,0,0,2.66361157475
21,0,0,1.68452205488
22,0,0,3.39131249624
23,0,0,1.23267471473
24,0,0,2.60939710336
25,0,0,2.19254817633
26,0,0,2.35075056148
27,1.33023003643,0.075591203328,5.95491551034
28,4.08068721801,1.33371130816,9.15944999696
29,0,0,2.0593648797
30,1.10855596713,0.0630918487851,4.93513947931
31,0,0,2.35075056148
32,0,0,2.50025316912
33,2.71976233798,0.690885600862,6.9320470203
34,0,0,2.47324877821
35,1.7979868072,0.102247704221,8.01976485015
36,0,0,1.23267471473
37,3.35297610683,0.831036116447,8.77739385409
38,0,0,1.68452205488
39,1.2710904094,0.0723663735542,5.67673940143
40,0,0,2.07995313714
41,1.6960432796,0.0965817565741,7.53556067258
42,1.40976796527,0.0802981842416,6.25604703858
43,0,0,3.11789507275
44,0,0,2.50025316912
45,0,0,1.66420978339
46,0,0,1.89062124181
47,1.83536472166,0.304535352218,5.70089010341
48,0,0,2.66361157475
49,0,0,1.89062124181
50,0,0,2.60939710336