site,MLE,Lower,Upper,LogL_global,LogL_local
1,0,0,0.101396087795,-4.00217299942,-2.97325279214
2,0.0543223260233,0.00308833734285,0.243199896677,-10.023269911,-8.6635813989
3,0.323174324427,0.113283618856,0.735680280903,-25.8088485598,-24.2539949578
4,0.104803083734,0.0173799212448,0.326112148599,-30.7539387071,-28.8315916968
5,0.103620950171,0.0171650374952,0.323694333547,-25.8478679219,-23.9367114438
6,0.114418167244,0.0188734968622,0.36200171848,-14.862167508,-12.9066976016
7,0.0999313606473,0.016586521454,0.310299979771,-18.3040089009,-16.4146549031
8,0,0,0.0961209908185,-4.01208324544,-2.96888946618
9,0,0,0.115179226751,-3.26679387179,-2.26999004937
10,0,0,0.100193574189,-3.47017073373,-2.43769367216
11,0,0,0.101991902089,-3.30735978963,-2.27941348179
12,0,0,0.115156581102,-3.28943408156,-2.2926096705
13,0,0,0.0988495346278,-3.61548380609,-2.57954174445
14,0,0,0.093408997678,-4.71412282431,-3.66341630785
15,0,0,0.0990638707173,-3.59064296551,-2.5552580977
16,0.0521873833384,0.00297020314765,0.232572042175,-10.766579416,-9.41291880963
17,0.403942594225,0.157378994119,0.854730532928,-22.1062885728,-20.7156422678
18,0,0,0.093408997678,-4.71412282431,-3.66341630785
19,0,0,0.0961129024077,-4.01355751736,-2.97034179379
20,0,0,0.0990638707173,-3.59064296551,-2.5552580977
21,0,0,0.0990381013174,-3.59359295532,-2.55814119037
22,0.748401115523,0.35692834087,1.44674417451,-31.9317549857,-29.3432376858
23,0,0,0.0961209908185,-4.01208324544,-2.96888946618
24,0,0,0.101991902089,-3.30735978963,-2.27941348179
25,0,0,0.115156581102,-3.28943408156,-2.2926096705
26,0.0524855531771,0.00298641642313,0.234152738608,-11.0726937535,-9.71826192427
27,0.052577058822,0.00299202463337,0.234421943507,-11.0714893719,-9.71668241647
28,0.0554504795172,0.00315450061782,0.247347843706,-9.62990710365,-8.26582554569
29,0,0,0.0961129024077,-4.01355751736,-2.97034179379
30,0.0515525038711,0.00293535605647,0.229328696695,-11.2087080687,-9.85674927394
31,0,0,0.115179226751,-3.26679387179,-2.26999004937
32,0,0,0.0977916187668,-3.74939957817,-2.71068111868
33,0,0,0.0990381013174,-3.59359295532,-2.55814119037
34,0.0539397632291,0.00307109704189,0.239806867123,-9.38077477522,-8.02110155542
35,0,0,0.0961129024077,-4.01355751736,-2.97034179379
36,0.0560233751316,0.00318609658488,0.250220842676,-9.24584296257,-7.88010090806
37,0,0,0.115179226751,-3.26679387179,-2.26999004937
38,0,0,0.0961129024077,-4.01355751736,-2.97034179379
39,0,0,0.0988495346278,-3.61548380609,-2.57954174445