site,MLE,Lower,Upper
1,0,0,10000
2,0,0,10000
3,0,0,10000
4,0,0,10000
5,0,0,10000
6,0,0,10000
7,0,0,10000
8,0,0,10000
9,0,0,10000
10,0,0,10000
11,0,0,49.2640392385
12,0,0,2.19736362373
13,1.48201824036,0.244760197069,4.64855200487
14,4.25513670805,1.29938369697,10.2648180078
15,4.92473234826,0.80593885163,15.8444437558
16,8.21594623551,2.03151933275,21.6124701882
17,1.50310385541,0.248500416202,4.71837538959
18,2.55490313923,0.145225110117,11.4156776513
19,0,0,5.89372424102
20,0,0,1.72525416736
21,0,0,3.14961499351
22,0,0,1.36328707419
23,0,0,1.4369441217
24,0,0,4.95942212028
25,0,0,12.3769247215
26,0,0,2.40596924229
27,1.01094495856,0.0574953192193,4.51115657819
28,3.12216956904,0.963046767367,7.35258501386
29,0,0,2.14589149614
30,2.34369672103,0.133473934278,10.4318233274
31,0,0,2.40596924229
32,0,0,1.94814101801
33,2.30664934804,0.570743722154,6.05104729861
34,0,0,5.89372424102
35,0.714844616383,0.0406735859613,3.18678772342
36,0,0,1.4369441217
37,4.67802178608,1.15577676014,12.2885819464
38,0,0,3.14961499351
39,1.28008173407,0.0726057937069,5.77413812274
40,0,0,4.93921830669
41,1.21698615664,0.0691477271085,5.4516276217
42,0.905321627663,0.0514748869527,4.04507748914
43,0,0,2.31914987758
44,0,0,1.94814101801
45,0,0,2.19736362373
46,0,0,3.69070367877
47,3.32367125926,0.551716252212,10.3084513311
48,0,0,1.72525416736
49,0,0,3.69070367877
50,0,0,4.95942212028