site,MLE,Lower,Upper,LogL_global,LogL_local
1,0,0,1.99706225136,-3.5469749891,-2.97325279214
2,1.14160349215,0.0646179905135,5.16893611224,-7.81741643198,-7.17336065656
3,4.34013044678,1.29386940103,11.0220239103,-21.4034267482,-19.7960608457
4,8.13653498618,1.34849538603,25.3483936383,-25.188031204,-23.1600293873
5,4.1791129961,0.690778131414,13.1150174218,-20.4735472612,-19.1901809964
6,2.35770030187,0.385900102718,7.60817630527,-12.7408533671,-11.7591362798
7,3.80380989605,0.628003581861,11.9745402064,-13.2515952284,-12.0418417974
8,0,0,3.78146371356,-3.34620038913,-2.96888946618
9,0,0,1.65781169636,-2.91064993871,-2.26999004937
10,0,0,4.76037680864,-2.7572505155,-2.43769367216
11,0,0,2.17299321374,-2.82602767017,-2.27941348179
12,0,0,1.67511214173,-2.92944746573,-2.2926096705
13,0,0,4.43657788304,-2.91558875532,-2.57954174445
14,0,0,8.89051783351,-3.8529355585,-3.66341630785
15,0,0,2.76657830274,-3.02397612912,-2.5552580977
16,1.08824800044,0.0617749722059,4.89681353174,-8.65364946266,-8.0054599862
17,2.73559530142,0.664885816933,7.50580112969,-13.5031504566,-12.3380197389
18,0,0,2.85026324198,-4.12235056037,-3.66341630785
19,0,0,5.30525766487,-3.26234649947,-2.97034179379
20,0,0,2.76657830274,-3.02397612912,-2.5552580977
21,0,0,2.07787055679,-3.1190333659,-2.55814119037
22,4.83488707657,1.663799012,11.3116108595,-19.4425859906,-17.552199033
23,0,0,3.78146371356,-3.34620038913,-2.96888946618
24,0,0,2.17299321374,-2.82602767017,-2.27941348179
25,0,0,1.67511214173,-2.92944746573,-2.2926096705
26,1.95685919561,0.110908482013,8.84700062495,-10.0265724165,-9.35676796598
27,2.08434551815,0.117699297735,9.61586054992,-9.97721807544,-9.29737103607
28,1.51752019575,0.0861096347834,6.83390843445,-9.07541751943,-8.43152446512
29,0,0,5.30525766487,-3.26234649947,-2.97034179379
30,1.10800959443,0.0629523650458,4.96886759094,-9.260806509,-8.61285864699
31,0,0,1.65781169636,-2.91064993871,-2.26999004937
32,0,0,2.10770458529,-3.26653833974,-2.71068111868
33,0,0,2.07787055679,-3.1190333659,-2.55814119037
34,1.05634757888,0.0600422717967,4.72669162452,-8.37631798254,-7.72497492205
35,0,0,3.95603524431,-3.33609524805,-2.97034179379
36,2.40915673737,0.135715466286,11.2109617508,-8.41731817708,-7.70442327325
37,0,0,1.65781169636,-2.91064993871,-2.26999004937
38,0,0,3.95603524431,-3.33609524805,-2.97034179379
39,0,0,4.43657788304,-2.91558875532,-2.57954174445