site,MLE,Lower,Upper,LogL_global,LogL_local
1,0,0,1.72712152774,-3.61336509951,-2.97325279214
2,1.3123506033,0.0742775258015,5.97024028076,-8.46779415478,-7.86061212118
3,4.2957828118,1.27287899868,11.02593389,-21.0812197845,-19.4750045551
4,9.58840027613,1.58710996891,29.9637610461,-25.5028828933,-23.2304282694
5,4.77587159839,0.789960402727,14.9500902342,-20.3913818764,-18.9878913246
6,2.90838270999,0.479462096131,9.28537375621,-14.0163547069,-12.9795554595
7,2.83013183026,0.46694623233,8.93067060631,-12.9370737535,-11.9124657452
8,0,0,7.29747723028,-3.19563453481,-2.96888946618
9,0,0,1.61849320771,-2.93759631362,-2.26999004937
10,0,0,3.61590495647,-2.83577685807,-2.43769367216
11,0,0,2.41559599063,-2.8028616063,-2.27941348179
12,0,0,1.607640535,-2.96236751734,-2.2926096705
13,0,0,5.84785571807,-2.85343666941,-2.57954174445
14,0,0,5.40557613796,-3.95386850807,-3.66341630785
15,0,0,2.24821868433,-3.10242445435,-2.5552580977
16,1.31871456261,0.0748675591589,5.93042581642,-9.20978045962,-8.60058181754
17,2.63469986592,0.638594323306,7.2714076893,-13.2503059396,-12.114905204
18,0,0,3.15580502333,-4.09918965214,-3.66341630785
19,0,0,7.28121277113,-3.19813773042,-2.97034179379
20,0,0,2.24821868433,-3.10242445435,-2.5552580977
21,0,0,2.48442636409,-3.07111510212,-2.55814119037
22,4.69821812379,1.60889563927,11.0936499779,-19.1156525729,-17.2539047576
23,0,0,7.29747723028,-3.19563453481,-2.96888946618
24,0,0,2.41559599063,-2.8028616063,-2.27941348179
25,0,0,1.607640535,-2.96236751734,-2.2926096705
26,1.640401483,0.0927830237131,7.47756413688,-11.080044181,-10.4618494903
27,1.70505302024,0.0961304430192,7.90113392168,-11.046783353,-10.4259045101
28,1.32390423523,0.0748681939419,6.02457939142,-10.5386244168,-9.93179163627
29,0,0,7.28121277113,-3.19813773042,-2.97034179379
30,1.07103359507,0.0607311833898,4.84032427165,-9.05106324465,-8.43718322184
31,0,0,1.61849320771,-2.93759631362,-2.26999004937
32,0,0,2.02554864603,-3.29406273275,-2.71068111868
33,0,0,2.48442636409,-3.07111510212,-2.55814119037
34,0.921369149919,0.0523562540777,4.12600346732,-8.55119101218,-7.924388329
35,0,0,3.51717594711,-3.37429854388,-2.97034179379
36,2.01529340444,0.112860965282,9.45818547179,-9.41778199533,-8.77263978698
37,0,0,1.61849320771,-2.93759631362,-2.26999004937
38,0,0,3.51717594711,-3.37429854388,-2.97034179379
39,0,0,5.84785571807,-2.85343666941,-2.57954174445