site,MLE,Lower,Upper
1,0,0,19.1789544384
2,0,0,10000
3,0,0,10000
4,0,0,10000
5,0,0,10000
6,0,0,10000
7,0,0,10000
8,0,0,10000
9,0,0,10000
10,0,0,10000
11,0,0,36.330519657
12,0,0,2.67551051677
13,2.11117303684,0.349677027031,6.58823910129
14,4.45951004915,1.3597121733,10.7760274049
15,2.2888945125,0.377832175021,7.18264372756
16,3.63049981818,0.891089762557,9.70077510642
17,2.09707612813,0.347090905123,6.55957171332
18,1.64410430608,0.0936437572308,7.296816434
19,0,0,4.88779995574
20,0,0,1.68887205025
21,0,0,3.31762020465
22,0,0,1.9555648529
23,0,0,1.70546455073
24,0,0,2.49677069927
25,0,0,11.5251041956
26,0,0,2.80697480526
27,1.28024891786,0.072785727665,5.72044380663
28,3.76547679093,1.14815869174,9.09081405759
29,0,0,3.83262656881
30,2.66985028456,0.151611678703,11.9785461348
31,0,0,2.80697480526
32,0,0,2.44121261069
33,2.73912773835,0.671721098396,7.34407330794
34,0,0,4.88779995574
35,1.03066905635,0.0587025898482,4.57539987357
36,0,0,1.70546455073
37,4.02569009143,0.992955754044,10.637817341
38,0,0,3.31762020465
39,1.31509847448,0.0747029259115,5.89900529341
40,0,0,5.49750642471
41,0.780584388955,0.0444483666072,3.4686787357
42,0.889011707445,0.0504137209277,4.01953787263
43,0,0,1.48608504926
44,0,0,2.44121261069
45,0,0,2.67551051677
46,0,0,1.82432893371
47,3.48004578931,0.575133660823,10.9210220193
48,0,0,1.68887205025
49,0,0,1.82432893371
50,0,0,2.49677069927