site,MLE,Lower,Upper
1,0,0,10000
2,0,0,10000
3,0,0,10000
4,0,0,10000
5,0,0,10000
6,0,0,10000
7,0,0,10000
8,0,0,10000
9,0,0,10000
10,0,0,10000
11,0,0,48.1634562551
12,0,0,2.181272659
13,1.47013039546,0.242974877446,4.61630773668
14,4.23856608803,1.29403134063,10.2304893144
15,4.89363793,0.800576053396,15.7583096272
16,8.1574526764,2.01675590278,21.4659632126
17,1.49196301071,0.246565697492,4.68379447581
18,2.53654508469,0.144171282911,11.3365200478
19,0,0,5.84940760883
20,0,0,1.71230361146
21,0,0,3.12566542628
22,0,0,1.35302961477
23,0,0,1.42607539107
24,0,0,4.92218803655
25,0,0,12.2831955795
26,0,0,2.38808356603
27,1.00343825995,0.0570650929234,4.47853025943
28,3.10074133201,0.95664474003,7.30387521373
29,0,0,2.12964508873
30,2.32610878853,0.132407366656,10.3494905738
31,0,0,2.38808356603
32,0,0,1.93350889511
33,2.28886446118,0.566624983069,6.00639187794
34,0,0,5.84940760883
35,0.709353549885,0.0403619860794,3.16310893611
36,0,0,1.42607539107
37,4.64724969366,1.14879144478,12.2121238062
38,0,0,3.12566542628
39,1.27110193349,0.0720720472965,5.73460822942
40,0,0,4.90172795807
41,1.2077105242,0.0686154214655,5.4117046099
42,0.898559774832,0.0510872664648,4.01576463202
43,0,0,2.30180127497
44,0,0,1.93350889511
45,0,0,2.181272659
46,0,0,3.66333273049
47,3.3050843947,0.547540498557,10.2315977357
48,0,0,1.71230361146
49,0,0,3.66333273049
50,0,0,4.92218803655