site,MLE,Lower,Upper
1,0,0,12.0400600532
2,0,0,10000
3,0,0,10000
4,0,0,10000
5,0,0,10000
6,0,0,10000
7,0,0,10000
8,0,0,10000
9,0,0,10000
10,0,0,10000
11,0,0,47.03974897
12,0,0,1.39454240728
13,1.85088803446,0.304255334234,5.90018101378
14,4.73388287033,1.41818575811,11.8977844148
15,3.42769230468,0.56704145117,10.7257301725
16,15.6479692455,3.91239886033,40.3536793486
17,1.87564898269,0.308187557497,5.97963338045
18,1.81201766076,0.102965707776,8.11129814237
19,0,0,5.97636222524
20,0,0,1.57870774105
21,0,0,3.03605438011
22,0,0,1.72016888225
23,0,0,1.02520299457
24,0,0,8.74100306721
25,0,0,20.6668099823
26,0,0,3.77366624635
27,0.987518416598,0.056080271996,4.43210932408
28,2.29778271425,0.703142978606,5.50921121565
29,0,0,3.20913335386
30,3.20350557688,0.181895094727,14.5080193644
31,0,0,3.77366624635
32,0,0,1.89426869331
33,1.68211662193,0.413851226832,4.47854259998
34,0,0,5.97636222524
35,0.899350386992,0.0510092307622,4.05779125607
36,0,0,1.02520299457
37,4.31431129349,1.06328956634,11.4224191284
38,0,0,3.03605438011
39,1.77472409621,0.100250096346,8.13114582242
40,0,0,7.37317040539
41,1.06353599727,0.0604888501168,4.74724151512
42,0.829857326825,0.0469307948495,3.80373720578
43,0,0,2.02261813133
44,0,0,1.89426869331
45,0,0,1.39454240728
46,0,0,5.01170535404
47,3.19881092228,0.529084314233,10.0500659979
48,0,0,1.57870774105
49,0,0,5.01170535404
50,0,0,8.74100306721