site,MLE,Lower,Upper,LogL_global,LogL_local
1,0,0,2.0712778904,-3.55383457673,-2.97325279214
2,0.930247298767,0.0525964499164,4.25181555964,-7.49196542131,-6.88583778532
3,3.6968644607,1.10522389216,9.37763319262,-20.8737990661,-19.438740567
4,11.3666856915,1.88176567991,35.493714357,-24.9066680627,-22.3700979954
5,3.44784762563,0.570181966469,10.8025428132,-19.7769037368,-18.6460347764
6,1.87112085795,0.305555090543,6.08295955616,-12.054790296,-11.1495110648
7,3.25582111091,0.535356663205,10.3618183835,-12.7512281359,-11.6596464848
8,0,0,4.64447969925,-3.29868632562,-2.96888946618
9,0,0,1.45716819791,-2.98513161149,-2.26999004937
10,0,0,3.82832852263,-2.82313367928,-2.43769367216
11,0,0,1.76178707628,-2.92115723534,-2.27941348179
12,0,0,1.9588198606,-2.89621922808,-2.2926096705
13,0,0,3.95064760356,-2.95350236471,-2.57954174445
14,0,0,18.9420049888,-3.75940352201,-3.66341630785
15,0,0,2.77895187912,-3.03593724597,-2.5552580977
16,1.09621246468,0.0619727021543,5.00472099816,-8.07087956113,-7.47499202548
17,3.03289047768,0.736055267365,8.38855077666,-13.4743424547,-12.2816573744
18,0,0,3.04226377006,-4.11428618064,-3.66341630785
19,0,0,5.97052765085,-3.24007195633,-2.97034179379
20,0,0,2.77895187912,-3.03593724597,-2.5552580977
21,0,0,2.10954998809,-3.13388728186,-2.55814119037
22,5.28889822399,1.81684003259,12.3878461736,-19.7285995105,-17.6016188542
23,0,0,4.64447969925,-3.29868632562,-2.96888946618
24,0,0,1.76178707628,-2.92115723534,-2.27941348179
25,0,0,1.9588198606,-2.89621922808,-2.2926096705
26,1.85503935115,0.104627804195,8.54003284107,-10.7053183929,-10.0839181465
27,1.89097281079,0.106681044206,8.71625096675,-10.6852602187,-10.0605280462
28,1.51988107621,0.086163315343,6.86878347903,-8.98515719398,-8.38482078416
29,0,0,5.97052765085,-3.24007195633,-2.97034179379
30,1.4670173207,0.0833591649927,6.57720321341,-10.0169796728,-9.41761195977
31,0,0,1.45716819791,-2.98513161149,-2.26999004937
32,0,0,2.71566489911,-3.19851078025,-2.71068111868
33,0,0,2.10954998809,-3.13388728186,-2.55814119037
34,1.09044267172,0.0619451636411,4.89047893841,-8.17710887007,-7.57701641532
35,0,0,7.02929567442,-3.20647295792,-2.97034179379
36,2.09012385946,0.117340202826,9.78489661957,-9.11944843222,-8.4764082719
37,0,0,1.45716819791,-2.98513161149,-2.26999004937
38,0,0,7.02929567442,-3.20647295792,-2.97034179379
39,0,0,3.95064760356,-2.95350236471,-2.57954174445