site,MLE,Lower,Upper,LogL_global,LogL_local
1,0,0,1.78598800455,-3.58789728443,-2.97325279214
2,0.870816050531,0.0492470732086,3.9802673289,-7.46876912201,-6.81376984067
3,3.60869307502,1.06006139666,9.45391892678,-21.1888356063,-19.7957354796
4,16.6823363463,2.75379175653,52.4739810464,-24.6896054935,-21.560802455
5,9.14313748446,1.4958863219,29.3559148494,-22.9174783288,-20.7403852847
6,1.83501012728,0.299053009703,5.99657604617,-12.6933602533,-11.7478547525
7,4.70392189192,0.776448577472,14.8165163304,-13.4973372319,-12.11037673
8,0,0,7.66424774798,-3.18515098257,-2.96888946618
9,0,0,1.31672561453,-2.99988182941,-2.26999004937
10,0,0,5.11967456073,-2.74019192742,-2.43769367216
11,0,0,1.66144644662,-2.92158412766,-2.27941348179
12,0,0,1.28485888309,-3.03165035525,-2.2926096705
13,0,0,9.51762821152,-2.76229929324,-2.57954174445
14,0,0,15.5322496674,-3.77827727895,-3.66341630785
15,0,0,3.14157329295,-2.98744592658,-2.5552580977
16,0.885726934027,0.0501345254846,4.02978961428,-8.26792742658,-7.61319194923
17,2.1182698719,0.51212850064,5.89120756928,-13.0438509472,-11.9160081209
18,0,0,4.11203394292,-4.01943241073,-3.66341630785
19,0,0,6.77982842802,-3.2104938827,-2.97034179379
20,0,0,3.14157329295,-2.98744592658,-2.5552580977
21,0,0,1.69707755045,-3.19233532099,-2.55814119037
22,3.81409405643,1.29805506733,9.1100808288,-18.3516835126,-16.8386026564
23,0,0,7.66424774798,-3.18515098257,-2.96888946618
24,0,0,1.66144644662,-2.92158412766,-2.27941348179
25,0,0,1.28485888309,-3.03165035525,-2.2926096705
26,2.21715636197,0.125646919728,10.037741278,-10.274572763,-9.58444853021
27,2.31983415335,0.131023351709,10.6749839223,-10.2440089127,-9.5440241496
28,1.78911097769,0.101153425364,8.14627275378,-9.94270411186,-9.29137204266
29,0,0,6.77982842802,-3.2104938827,-2.97034179379
30,1.33307716086,0.0756892279025,5.99197503435,-9.12683654943,-8.49074676806
31,0,0,1.31672561453,-2.99988182941,-2.26999004937
32,0,0,2.58596479067,-3.20214121343,-2.71068111868
33,0,0,1.69707755045,-3.19233532099,-2.55814119037
34,0.923185456728,0.0524505130465,4.13757527033,-7.91310343436,-7.25776433197
35,0,0,4.79082630175,-3.28863362298,-2.97034179379
36,2.65679214187,0.149088183068,12.4286379015,-8.65117157383,-7.91414862007
37,0,0,1.31672561453,-2.99988182941,-2.26999004937
38,0,0,4.79082630175,-3.28863362298,-2.97034179379
39,0,0,9.51762821152,-2.76229929324,-2.57954174445