site,MLE,Lower,Upper,LogL_global,LogL_local
1,0,0,1.92803690165,-3.97284737152,-2.97325279214
2,0.939370319613,0.053136432847,4.28721401211,-6.85713968092,-6.85518216628
3,3.85664877117,1.13571520659,10.0652221122,-22.1303200849,-19.8575111151
4,17.9904916047,2.97006126302,56.570791375,-25.4097794556,-21.5342709143
5,9.88216963443,1.61753008185,31.7047919599,-23.4418988442,-20.6884923478
6,1.97531944712,0.322476426114,6.44550380355,-12.1093555441,-11.7457334921
7,5.07520984875,0.837916797235,15.9726750626,-13.7540731147,-12.1222604017
8,0,0,8.27203947783,-3.20265182353,-2.96888946618
9,0,0,1.4200716629,-3.63407016282,-2.26999004937
10,0,0,5.5237448759,-2.79039484822,-2.43769367216
11,0,0,1.79245076311,-3.35998534748,-2.27941348179
12,0,0,1.38577461268,-3.68916826889,-2.2926096705
13,0,0,10.2632356719,-2.77250565506,-2.57954174445
14,0,0,16.7666542334,-3.77827559911,-3.66341630785
15,0,0,3.39007402301,-3.12687243748,-2.5552580977
16,0.955691045338,0.0541107766974,4.34256156823,-7.58097893615,-7.57995463705
17,2.28139125731,0.552285962574,6.33743727458,-12.6657611369,-11.9100767503
18,0,0,4.43789357999,-4.09912304166,-3.66341630785
19,0,0,7.31694587927,-3.23521639453,-2.97034179379
20,0,0,3.39007402301,-3.12687243748,-2.5552580977
21,0,0,1.83106869307,-3.61492885283,-2.55814119037
22,4.08718106783,1.39442035998,9.72269851884,-19.8127801413,-16.7635630533
23,0,0,8.27203947783,-3.20265182353,-2.96888946618
24,0,0,1.79245076311,-3.35998534748,-2.27941348179
25,0,0,1.38577461268,-3.68916826889,-2.2926096705
26,2.37537178726,0.134832060947,10.7597146164,-9.85496184306,-9.57044123687
27,2.51677843751,0.142207343254,11.555725115,-9.83253780792,-9.51610268888
28,1.92198564318,0.108718867348,8.73786651632,-9.51366414263,-9.34217324324
29,0,0,7.31694587927,-3.23521639453,-2.97034179379
30,1.43929862542,0.0816812721684,6.46036005,-8.52914857565,-8.47090826601
31,0,0,1.4200716629,-3.63407016282,-2.26999004937
32,0,0,2.79074043811,-3.40344763322,-2.71068111868
33,0,0,1.83106869307,-3.61492885283,-2.55814119037
34,0.994872508751,0.0565366241274,4.45483798944,-7.30570086983,-7.3056877592
35,0,0,5.16908419902,-3.34677503585,-2.97034179379
36,2.86482257303,0.160925943572,13.357195297,-8.35513939608,-7.96064341069
37,0,0,1.4200716629,-3.63407016282,-2.26999004937
38,0,0,5.16908419902,-3.34677503585,-2.97034179379
39,0,0,10.2632356719,-2.77250565506,-2.57954174445