site,MLE,Lower,Upper,LogL_global,LogL_local
1,0,0,2.04680891937,-3.91525473703,-2.97325279214
2,1.1676205317,0.0661684567997,5.28899467258,-7.21649552037,-7.20524191544
3,4.42344748164,1.32042849594,11.2153422558,-22.5729173929,-19.8548906924
4,8.33162537708,1.38088134961,25.9527831607,-25.6154767165,-23.1413456537
5,4.29352190837,0.708357123751,13.4450573162,-20.5173030104,-19.1485502332
6,2.41305606755,0.395094104829,7.7786475122,-12.3466682187,-11.7687280623
7,3.89527371536,0.643194957206,12.2569520387,-13.2789463767,-12.0552296323
8,0,0,3.87343078132,-3.4671795842,-2.96888946618
9,0,0,1.69759865377,-3.41209394956,-2.26999004937
10,0,0,4.87505817223,-2.83758852218,-2.43769367216
11,0,0,2.22547985046,-3.14960250492,-2.27941348179
12,0,0,1.71534439664,-3.42263364736,-2.2926096705
13,0,0,4.54400635075,-3.00617585421,-2.57954174445
14,0,0,9.10738212962,-3.87487453204,-3.66341630785
15,0,0,2.83368067105,-3.23737143303,-2.5552580977
16,1.11474498886,0.0632859174105,5.01364767231,-7.98939188043,-7.98376064915
17,2.79969965263,0.680721173481,7.67397746439,-13.4504433539,-12.327777115
18,0,0,2.91964188647,-4.32364470382,-3.66341630785
19,0,0,5.43422856484,-3.32591411203,-2.97034179379
20,0,0,2.83368067105,-3.23737143303,-2.5552580977
21,0,0,2.12822494582,-3.46586474486,-2.55814119037
22,4.94145133449,1.7022330173,11.5370302873,-21.2958811466,-17.488614796
23,0,0,3.87343078132,-3.4671795842,-2.96888946618
24,0,0,2.22547985046,-3.14960250492,-2.27941348179
25,0,0,1.71534439664,-3.42263364736,-2.2926096705
26,1.99226938814,0.113032451707,9.0110145073,-9.53725366432,-9.34740183713
27,2.13812378781,0.120942587001,9.86586835607,-9.50558876526,-9.28034773991
28,1.55243785096,0.0881046807954,6.98745627918,-8.53791389128,-8.45470491511
29,0,0,5.43422856484,-3.32591411203,-2.97034179379
30,1.13499402466,0.064491327538,5.08780370961,-8.61100399083,-8.60338285455
31,0,0,1.69759865377,-3.41209394956,-2.26999004937
32,0,0,2.1588564308,-3.60472808757,-2.71068111868
33,0,0,2.12822494582,-3.46586474486,-2.55814119037
34,1.08071012375,0.0614330391467,4.83382147155,-7.75107406353,-7.74816242265
35,0,0,4.05193050455,-3.44819927482,-2.97034179379
36,2.47112747137,0.139087565346,11.468293603,-8.03009390929,-7.72594057326
37,0,0,1.69759865377,-3.41209394956,-2.26999004937
38,0,0,4.05193050455,-3.44819927482,-2.97034179379
39,0,0,4.54400635075,-3.00617585421,-2.57954174445