site,MLE,Lower,Upper
1,0,0,0.344528278421
2,1.77904769041,0.757593834363,3.49388181618
3,3.84463920533,1.8075020708,7.05010656204
4,0.233687413076,0.0133141150304,1.03779611291
5,0,0,0.446914597165
6,0,0,1.8206673936
7,0,0,2.16105719122
8,0,0,0.386408404275
9,0,0,1.47517293229
10,0.48261617191,0.0274561449567,2.16461775929
11,2.65437908741,0.151403150196,11.7143495551
12,4.14021262326,2.09927189714,7.36058703471
13,0.944101519809,0.335032886185,2.07040700687
14,1.88510744903,0.312917928007,5.84654120688
15,0.222899027652,0.012696284275,0.990665945613
16,0.732851496827,0.261610781237,1.58793573971
17,1.82537500968,0.783273800586,3.558712326
18,0.920663820716,0.0524466194613,4.08202653029
19,0.415997715481,0.0687382855091,1.30508270737
20,6.63684889918,3.54548157445,11.4449786487
21,0.132845877596,0.00757054812336,0.588409554802
22,0,0,0.386408404275
23,0.872448240703,0.0492726650369,3.96655180172
24,1.67931910318,0.515577797685,3.98954738704
25,8.29309248891,5.19689101968,12.8064410594
26,0.926663399529,0.0528083063647,4.10306742442
27,2.63156636781,1.37893299038,4.56065218641
28,0.379910219487,0.0216567995254,1.68075085462
29,0.747089662552,0.123857937677,2.3222545114
30,0.448647370989,0.0255750871325,1.98882440024
31,0,0,1.8206673936
32,0.79162555026,0.196202775337,2.06861024608
33,0,0,0.862580193299
34,0,0,0.499050500473
35,0,0,1.8206673936
36,0.978126760089,0.161127056275,3.09317700348
37,0,0,1.8206673936
38,0,0,0.499050500473
39,0,0,0.499050500473
40,0.503599148248,0.0285834434507,2.25613945741
41,8.2144748701,0.464449747543,37.4579790259