site,MLE,Lower,Upper
1,0,0,0.834635437172
2,1.95952011347,0.838104222353,3.8316838268
3,2.77543503596,1.26109065846,5.21611068492
4,0.270205705323,0.0154094125336,1.19361305187
5,0,0,0.518924240337
6,0,0,1.03737373864
7,0,0,0.767471509447
8,0,0,0.425141664283
9,0,0,1.11572951277
10,0.386594033245,0.02201877398,1.71577820402
11,2.1126897767,0.120520011066,9.32149174509
12,3.63907561257,1.86870888822,6.3445750474
13,1.15600961361,0.411501063213,2.51282658013
14,1.08799754082,0.180453490284,3.38160537524
15,0.261063747008,0.0148864429708,1.1537030494
16,1.28400451109,0.457676074539,2.79167540933
17,1.99363702598,0.853709255035,3.88265320371
18,0.556075977525,0.0317046282369,2.45886734627
19,0.462543795983,0.0766939516967,1.4387292664
20,5.31697909006,2.87083608841,9.01390584354
21,0.240847429509,0.0137193128964,1.06845785792
22,0,0,0.425141664283
23,0.589511754884,0.0337463337808,2.5796263497
24,1.33007634667,0.410555964581,3.12865056969
25,8.10505335288,5.19758179078,12.1199199422
26,0.538102300802,0.0306654006895,2.38304508851
27,2.949643271,1.56632734847,5.03452984076
28,0.437815815249,0.0249446183517,1.93524281957
29,0.825056495143,0.136784971225,2.56778105479
30,0.709353549885,0.040429735561,3.13655069532
31,0,0,1.03737373864
32,0.631431715455,0.156603763824,1.64644214869
33,0,0,1.36667126433
34,0,0,0.376350629166
35,0,0,1.03737373864
36,0.795630129924,0.131756284993,2.48268667034
37,0,0,1.03737373864
38,0,0,0.376350629166
39,0,0,0.376350629166
40,0.398052253072,0.0226674348241,1.76779813973
41,3.26392227677,0.184243572856,15.1320737317