site,MLE,Lower,Upper
1,0,0,0.549207092943
2,1.77765542366,0.758931785931,3.47541227372
3,4.3754442844,2.00071666941,8.20626933387
4,0.189995141789,0.0108322487845,0.840150694101
5,0,0,0.362637944914
6,0,0,1.24734641756
7,0,0,1.24840273836
8,0,0,0.434264939722
9,0,0,1.48425600247
10,0.317154623769,0.0180589850254,1.40895251264
11,1.62558918709,0.0927891904162,7.17929673896
12,3.40086810108,1.74335352158,5.94497402485
13,1.11141686324,0.396748797121,2.40919956855
14,1.2973033607,0.215400744278,4.01029898905
15,0.182620267894,0.0104107230641,0.807804925546
16,1.04138671572,0.373245359667,2.24267679506
17,1.67181617487,0.727261518275,3.20988950875
18,0.647558845525,0.0369388822962,2.85735258435
19,0.432462120007,0.0717197965549,1.34458376366
20,5.07278722872,2.73854675655,8.61008578131
21,0.190600872608,0.0108712265391,0.841564920889
22,0,0,0.434264939722
23,0.645082192258,0.0367284736849,2.86341092508
24,1.32128352609,0.4071180307,3.1185340667
25,8.12429082755,5.19848002404,12.1954163112
26,0.643886669024,0.0367245143064,2.84055131833
27,2.89551240981,1.53649269429,4.92604338789
28,0.407462342719,0.0232475863052,1.79697149236
29,0.809010153663,0.134325475519,2.50769376106
30,0.65678772475,0.0374229791158,2.91002347305
31,0,0,1.24734641756
32,0.900658826727,0.223199250876,2.35557487262
33,0,0,1.26621586508
34,0,0,0.583167037403
35,0,0,1.24734641756
36,0.661622855592,0.109475692249,2.06855390611
37,0,0,1.24734641756
38,0,0,0.583167037403
39,0,0,0.583167037403
40,0.334495702077,0.0190409465582,1.48669075572
41,5.15748247861,0.28815416897,24.9484136118