site,MLE,Lower,Upper
1,0,0,0.178446588296
2,0.931913106971,0.396429881459,1.83345316823
3,2.02742837089,0.955834969541,3.72278105956
4,0.1231427497,0.00701211490548,0.547010565992
5,0,0,0.235305218815
6,0,0,0.943045684995
7,0,0,1.11923264664
8,0,0,0.200310679148
9,0,0,0.76411933162
10,0.250824344153,0.014232710859,1.12575043262
11,1.37471930003,0.0784052369521,6.06861426736
12,2.23717556352,1.13212403797,3.9925784948
13,0.488344682325,0.173045339998,1.07377410401
14,0.975139963041,0.161807765436,3.02677284821
15,0.115954999998,0.00659983750678,0.515854165554
16,0.385797467343,0.137812682186,0.836237144625
17,0.953050833854,0.408332247584,1.86349486648
18,0.478013807042,0.0272300446169,2.11949567442
19,0.2161662179,0.0356871362006,0.679895273865
20,3.63084136308,1.92945027097,6.30694343603
21,0.0687122243816,0.00391476045249,0.304638057206
22,0,0,0.200310679148
23,0.444157590906,0.0249706323258,2.05260597001
24,0.868674164325,0.266289869532,2.0700675039
25,4.55046341491,2.83835966342,7.06457018604
26,0.478830675979,0.0272800984195,2.12211038311
27,1.39813415427,0.731023675066,2.42989885084
28,0.196519000626,0.0112004683527,0.870059852775
29,0.385795042801,0.0639527762779,1.20101570737
30,0.232406384684,0.0132472069677,1.03142575156
31,0,0,0.943045684995
32,0.410633845885,0.101692747459,1.07466942068
33,0,0,0.44687354553
34,0,0,0.258512481735
35,0,0,0.943045684995
36,0.508443379237,0.0836079990402,1.61262582841
37,0,0,0.943045684995
38,0,0,0.258512481735
39,0,0,0.258512481735
40,0.261742022376,0.0148540215824,1.17681175876
41,4.01255890048,0.226537602302,18.2898411293