site,MLE,Lower,Upper
1,0,0,0.693845289147
2,2.43157226123,1.0386651255,4.74969469609
3,2.71467303203,1.23237029012,5.11221890015
4,0.407933763998,0.0244834049148,1.66288089165
5,0,0,0.596992788406
6,0,0,0.662295316209
7,0,0,0.602938199639
8,0,0,0.395275921878
9,0,0,1.0664318807
10,0.341231853027,0.0194406987519,1.51285756304
11,0.215218742558,0.0122815858872,0.948506907096
12,4.46898699834,2.38102855821,7.52533629492
13,1.08317127981,0.386789532028,2.34664979641
14,0.709353549885,0.11735082913,2.21245730796
15,0.311202552208,0.0177571356867,1.37261814132
16,1.36513662154,0.490886738762,2.93181354106
17,2.49951069171,1.07668022203,4.83884308424
18,0.350350476236,0.01995699343,1.55403612493
19,0.453266208708,0.0752011131375,1.406395138
20,6.17234977951,3.43244938528,10.1869449346
21,0.243592476959,0.0138893825445,1.07745798488
22,0,0,0.395275921878
23,0.361973114468,0.0206482689329,1.59878361188
24,1.57056708266,0.485919015126,3.67863682028
25,10.9416144998,7.21971671283,15.9925097824
26,0.357231236932,0.0203451858218,1.5855314443
27,2.69184883502,1.42966244737,4.57325209138
28,0.545590722838,0.0311190429515,2.4088043263
29,1.11858343125,0.185548279369,3.47509880189
30,0.387790323156,0.0221223213263,1.71099096591
31,0,0,0.662295316209
32,1.07980520669,0.267389357093,2.82864805426
33,0,0,0.736926906661
34,0,0,0.702667340012
35,0,0,0.662295316209
36,0.732851496827,0.12154654125,2.28040743797
37,0,0,0.662295316209
38,0,0,0.702667340012
39,0,0,0.702667340012
40,0.352017413082,0.020048931299,1.56250426208
41,2.96133950566,0.167263197552,13.8979521899