site,MLE,Lower,Upper
1,0,0,0.364708545067
2,1.18681175361,0.506530339399,2.32138726453
3,2.949643271,1.35422972806,5.52944175941
4,0.127112216615,0.00724675101905,0.562183564312
5,0,0,0.242569589629
6,0,0,0.827930725604
7,0,0,0.828754629397
8,0,0,0.288288483415
9,0,0,0.985305336774
10,0.210560347162,0.0119873719325,0.936015306764
11,1.07974194346,0.0615872087299,4.76600284058
12,2.2798360977,1.16770395433,3.99169960006
13,0.738140627459,0.263599832389,1.60232702584
14,0.859749121754,0.142846759862,2.66025341899
15,0.121583508293,0.00693056130417,0.537987012379
16,0.696736203053,0.249872522855,1.50027111303
17,1.11170144783,0.48362314281,2.13741106283
18,0.429897666455,0.0245232661203,1.89702815432
19,0.287253568819,0.0476302353179,0.893530727331
20,3.45245687263,1.86198029469,5.87296717189
21,0.126390654585,0.00720845991123,0.558164624856
22,0,0,0.288288483415
23,0.427747888142,0.0243572072191,1.90369633951
24,0.877368519475,0.270093090626,2.07320322288
25,5.4968185415,3.51047085783,8.26622519387
26,0.427139866599,0.0243608400398,1.8846849704
27,1.93972495185,1.02877466901,3.30268478454
28,0.27050361402,0.0154332554636,1.19300208966
29,0.536660076692,0.0891000644588,1.66376206627
30,0.436559175236,0.0248464380574,1.93313774915
31,0,0,0.827930725604
32,0.598917884896,0.148325449727,1.56727564501
33,0,0,0.840611548739
34,0,0,0.387155447019
35,0,0,0.827930725604
36,0.439712491974,0.0727602452608,1.37666011527
37,0,0,0.827930725604
38,0,0,0.387155447019
39,0,0,0.387155447019
40,0.221621869449,0.0126148348214,0.985889284604
41,3.46469725931,0.193392014113,16.8318293606