site,MLE,Lower,Upper
1,0,0,0.0478800940551
2,0.138662652288,0.0598188337299,0.268906801949
3,0.0767839311042,0.0349492094851,0.143890611202
4,0.0181268749643,0.00103310305703,0.0802564814695
5,0,0,0.0347089244266
6,0,0,0.0616659789673
7,0,0,0.0525435075315
8,0,0,0.0548799837621
9,0,0,0.0254040210855
10,0.0135318786699,0.000771440791338,0.0598503279554
11,0.0257878270834,0.00149930649779,0.110165032057
12,0.282961140083,0.158298019312,0.463894279314
13,0.196747615205,0.0741135357068,0.412128720261
14,0.124226208488,0.0376327205541,0.294315689243
15,0.0237384011943,0.00149600185259,0.0934110899618
16,0.502962570469,0.195877182432,1.02188983417
17,0.149275523431,0.0676963576374,0.281397629075
18,0.0607093315146,0.00998499528899,0.190367918689
19,0.0621328700868,0.0105684017911,0.186578677223
20,0.241710666379,0.13779126797,0.391374725745
21,0.0831360975355,0.00478227581245,0.359670454578
22,0,0,0.0548799837621
23,0.056082080326,0.00905522332848,0.182921556953
24,0.0643125548685,0.0200289469318,0.149426481453
25,1.06232341939,0.688168197148,1.63442243297
26,0.0613423342799,0.00977719933199,0.194012278411
27,0.503007261487,0.276008862568,0.837767497181
28,0.0838381823179,0.00477460401628,0.37215842556
29,0.20020436014,0.0433924375693,0.559870978129
30,0.0171780702907,0.000984029754524,0.0750697158493
31,0,0,0.0616659789673
32,0.0551719398129,0.0136407449771,0.145086389743
33,0,0,0.030189049903
34,0,0,0.03304129343
35,0,0,0.0616659789673
36,0.0288530874504,0.00479317066515,0.0893213763112
37,0,0,0.0616659789673
38,0,0,0.03304129343
39,0,0,0.03304129343
40,0.0139227364321,0.000793951428232,0.0615198164561
41,0.243289620961,0.0138518529124,1.10171633392