site,MLE,Lower,Upper
1,0.250824344153,0.0126123256059,2.58939861983
2,0,0,5224.50470126
3,0,0,1.34169173154
4,8.37080800968,2.53785846401,20.4791650984
5,8.11494336,2.45335933976,19.8704647201
6,0,0,2.02920701756
7,0,0,5.79964165507
8,0,0,2.02920701756
9,5.01681440521,1.24045004079,13.1991591901
10,0,0,3.64800577808
11,2.32230892376,0.381676330483,7.41099322838
12,0,0,1.41165387169
13,1.35480572952,0.0770253798824,6.03860167884
14,0.509670206068,0.026452259674,3.66409177261
15,0.548969937605,0.0293614390226,3.03322578711
16,2.93475191373,0.444617370531,9.95567952741
17,0,0,0.51063482925
18,0,0,0.892162689901
19,0,0,2.37656685364
20,0,0,1.86750748202
21,5.38939825807,0.767693780367,22.5340120671
22,0,0,0.884746650428
23,0.793804926517,0.138360452656,2.96775647475
24,0.702680320339,0.10478172281,3.53100126137
25,1.59886910029,0.339425573761,7.04665931819
26,1.10891111708,0.14819585391,3.77860194785
27,0.445462453182,0.0251339071223,2.17979181445
28,0.477140884187,0.0694834867076,2.12894244477
29,1.92375517907,0.539599951982,6.24027301442
30,0.70594244044,0.123401592489,2.49794828439
31,0.566889698136,0.0860217122148,2.27343271058
32,9.97880497721,2.9622832086,24.4908624154
33,1.46561996062,0.31020680288,5.07146695983
34,0.321386559582,0.0168484241251,2.06067797369
35,1.06335230918,0.230532507939,3.61665862967
36,3.75970868286,0.92784062559,11.9573402189
37,0.604194526854,0.0937735291001,2.50320487516
38,0.931505608363,0.138322321494,4.03285055524
39,0.980646126222,0.154511719553,3.54571392691
40,0,0,1.06507991062
41,91.2722029988,0.157095731989,5224.50807823
42,0,0,0.737201905623
43,91.2722029988,0.535235301628,5224.50807823
44,0.894059416392,0.0474481197046,5224.50468392
45,91.2722029988,0.387752184036,5224.50807823
46,0,0,0.517809607484
47,0,0,5224.50470126
48,0,0,5224.50470126
49,0,0,5224.50470126
50,0,0,5224.50470126
51,0,0,5224.50470126
52,0,0,5224.50470126
53,0,0,5224.50470126
54,0,0,5224.50470126
55,0,0,5224.50470126
56,0,0,5224.50470126
57,0,0,5224.50470126
58,0,0,5224.50470126
59,0,0,5224.50470126
60,0,0,5224.50470126
61,0,0,5224.50470126
62,0,0,5224.50470126
63,0,0,5224.50470126
64,0,0,5224.50470126
65,0,0,5224.50470126
66,0,0,5224.50470126
67,0,0,5224.50470126
68,0,0,5224.50470126