site,MLE,Lower,Upper
1,0.339478041594,0.0191353337951,1.61144761494
2,0,0,5140.14835548
3,0,0,1.73962131632
4,6.70695148962,2.05789861944,15.9874150079
5,4.9431960749,1.50820960965,11.9295418905
6,0,0,2.05295991557
7,0,0,3.41168316474
8,0,0,2.05295991557
9,4.37488909224,1.06801634768,11.8574427088
10,0,0,2.94243969055
11,1.75825807383,0.289271850429,5.60718383384
12,0,0,1.70545972523
13,1.29340602962,0.0730812875709,5.9015983472
14,0.60698323229,0.0331824137897,3.29896516837
15,0.570259289065,0.0321765095155,2.81851888855
16,1.26248873125,0.0771725392269,5.20670405841
17,0,0,0.763036063314
18,0,0,0.62975452223
19,0,0,3.04764468515
20,0,0,2.95280805112
21,7.90108591822,1.24771130597,28.2280131539
22,0,0,0.708789799655
23,0.846263502567,0.13551065913,3.33271172184
24,0.768220386955,0.113858801838,3.72364971282
25,2.01599851815,0.456148671517,8.32162055874
26,0.817581758386,0.0624888038754,3.30510398819
27,0.553301849831,0.0298821296733,3.61870647163
28,0.717485393407,0.102581792034,2.90868510054
29,2.49288786253,0.608052169505,8.27648830226
30,0.801723179309,0.154196167525,2.83123864105
31,0.905896932715,0.13855016954,3.21724723366
32,9.21441292546,2.57831467241,22.0678449663
33,1.68563849256,0.347181939613,6.06087045513
34,0.208468201878,0.0113236649658,1.18657627893
35,1.15850486599,0.242159225983,3.6807794377
36,4.08067017081,1.07602597201,14.4492110144
37,0.835994743501,0.126603736189,4.51860502209
38,1.05105293118,0.173530471551,4.14682114554
39,1.19140434005,0.224566578147,3.8382880535
40,0,0,1.36992247939
41,2.4396651702,0.0423502458835,5140.14850097
42,0,0,1.03017585251
43,6.79183505941,0.202122792593,5140.14809199
44,0.42944090807,0.0224813801924,5140.14834807
45,7.48558098422,0.150133728029,5140.14882927
46,0,0,0.661414300317
47,0,0,5140.14835548
48,0,0,5140.14835548
49,0,0,5140.14835548
50,0,0,5140.14835548
51,0,0,5140.14835548
52,0,0,5140.14835548
53,0,0,5140.14835548
54,0,0,5140.14835548
55,0,0,5140.14835548
56,0,0,5140.14835548
57,0,0,5140.14835548
58,0,0,5140.14835548
59,0,0,5140.14835548
60,0,0,5140.14835548
61,0,0,5140.14835548
62,0,0,5140.14835548
63,0,0,5140.14835548
64,0,0,5140.14835548
65,0,0,5140.14835548
66,0,0,5140.14835548
67,0,0,5140.14835548
68,0,0,5140.14835548