site,MLE,Lower,Upper
1,0.0891442830778,0.00490777434539,0.56246304317
2,0,0,2948.33822832
3,0,0,1.58169628701
4,10.6991883187,3.29051833755,25.3782904055
5,6.76560739368,2.05192391236,16.5221231333
6,0,0,2.66201889763
7,0,0,5.47194979297
8,0,0,2.66201889763
9,7.74351233635,1.89940310125,20.7150975936
10,0,0,4.58674526143
11,2.28139125731,0.374182090768,7.32742052878
12,0,0,0.940157037548
13,2.86405203891,0.162130563654,12.9866799477
14,0.65824722944,0.032140708134,4.79085542633
15,0.646103444997,0.0346443829882,3.73362866315
16,3.98996756731,0.600086894492,14.4020969214
17,0,0,0.580331690641
18,0,0,0.623021771413
19,0,0,3.49134550513
20,0,0,1.07741080471
21,9.62127839362,1.3340987091,36.505165374
22,0,0,0.893320548666
23,0.659871050574,0.104268392866,3.35392665076
24,0.802065617714,0.102981630108,6.60583981896
25,2.81268360974,0.420535308111,12.0380174876
26,0.884228996439,0.115038639677,3.0918320845
27,0.298011145237,0.0156459925347,3.72498928714
28,0.511798320524,0.0581219020574,1.8571388483
29,2.36737302438,0.562566269567,9.29024125485
30,0.590267175673,0.108025489376,2.4072623266
31,0.580421423324,0.086094151061,1.88072192527
32,13.0636648093,4.19102399623,32.3869800565
33,1.28916898918,0.271244118413,4.6997956086
34,0.172877124147,0.00916647059719,1.20543765951
35,1.08837250318,0.252749079852,3.92684722065
36,2.25114953213,0.548204319507,7.91474223748
37,0.546678328548,0.0749186073634,7.03569793246
38,0.712398863917,0.101285011567,3.60714006577
39,1.06661652097,0.191036800901,3.87279328065
40,0,0,2948.33822832
41,89.1323556556,0.159518380336,2948.34291874
42,0,0,0.952895614617
43,89.1323556556,0.472780354235,2948.34291874
44,1.1607749337,0.0740053903962,2948.33817623
45,89.1323556556,0.287084124259,2948.34291874
46,0,0,0.521987538137
47,0,0,2948.33822832
48,0,0,2948.33822832
49,0,0,2948.33822832
50,0,0,2948.33822832
51,0,0,2948.33822832
52,0,0,2948.33822832
53,0,0,2948.33822832
54,0,0,2948.33822832
55,0,0,2948.33822832
56,0,0,2948.33822832
57,0,0,2948.33822832
58,0,0,2948.33822832
59,0,0,2948.33822832
60,0,0,2948.33822832
61,0,0,2948.33822832
62,0,0,2948.33822832
63,0,0,2948.33822832
64,0,0,2948.33822832
65,0,0,2948.33822832
66,0,0,2948.33822832
67,0,0,2948.33822832
68,0,0,2948.33822832