site,MLE,Lower,Upper
1,0.209711189687,0.0111385042113,1.5129731809
2,0,0,1690.5684294
3,0,0,2.05882447318
4,5.14930928943,1.65762538926,11.8831237742
5,5.58538708465,1.91362833266,12.6463432983
6,0,0,2.23097341882
7,0,0,1.60154244584
8,0,0,2.23097341882
9,0.848497873911,0.209939368656,2.24031325288
10,0,0,1.69823545742
11,2.2315001882,0.364292089474,7.20446817474
12,0,0,9.24858475141
13,1.74344306391,0.152611229519,6.18072777266
14,0.329512201141,0.018002630073,1.95563132341
15,0.632459414891,0.0344401974177,3.34017582146
16,1.35800036192,0.140374121338,5.58846315194
17,0,0,0.783540083712
18,0,0,0.858716958839
19,0,0,1.64045913942
20,0,0,0.720777044085
21,2.02579148563,0.311618962751,7.42288462911
22,0,0,0.491226989777
23,1.49211253075,0.362659735018,4.30600928536
24,0.610095146834,0.126995628246,2.37353695573
25,0.629381265335,0.114895080545,3.62599243578
26,0.378943776572,0.0206633740935,3.53949220205
27,0.991737181864,0.0556450522181,7.52892104404
28,3.45231026273,0.422098258559,14.8156966199
29,1.1854378132,0.242253379546,4.01652175731
30,0.829857326825,0.151502920398,3.31511994589
31,3.53564664494,0.545088816627,14.8804792396
32,5.07303431832,2.07026182575,10.8971693666
33,4.63916399394,0.876593576619,19.6497138413
34,0.307135593322,0.0158912295392,2.11086595267
35,1.3658797826,0.34016669422,4.40140692434
36,0.518140124872,0.105362735381,2.92114834679
37,1.53971303647,0.24994772551,54.3577256771
38,4.44268316855,0.788086874407,19.4036639563
39,0.898684140502,0.202294166844,3.10168786519
40,0,0,0.265928531741
41,0.494732961582,0.0184415793232,1690.56842853
42,0,0,0.0360178312568
43,1.72116696973,0.0880875280128,1690.56837968
44,1.50918200715,0.00212508614409,1690.56837676
45,1.1489731408,0.0956410010817,1690.56837164
46,0,0,0.716333886392
47,0,0,1690.5684294
48,0,0,1690.5684294
49,0,0,1690.5684294
50,0,0,1690.5684294
51,0,0,1690.5684294
52,0,0,1690.5684294
53,0,0,1690.5684294
54,0,0,1690.5684294
55,0,0,1690.5684294
56,0,0,1690.5684294
57,0,0,1690.5684294
58,0,0,1690.5684294
59,0,0,1690.5684294
60,0,0,1690.5684294
61,0,0,1690.5684294
62,0,0,1690.5684294
63,0,0,1690.5684294
64,0,0,1690.5684294
65,0,0,1690.5684294
66,0,0,1690.5684294
67,0,0,1690.5684294
68,0,0,1690.5684294