site,MLE,Lower,Upper
1,0.150989068105,0.00849451199185,0.730973275034
2,0,0,2856.87801561
3,0,0,1.78359649943
4,4.28884788302,1.31393153729,10.2544983274
5,5.55452340552,1.69085300198,13.4868938668
6,0,0,1.52561768871
7,0,0,4.79303624828
8,0,0,1.52561768871
9,3.25050527367,0.787166914601,9.00776531605
10,0,0,1.79580409376
11,1.60266408842,0.263452870585,5.120244408
12,0,0,1.48373113107
13,1.29340602962,0.073152867074,5.89928157211
14,0.465260225097,0.0240776564454,3.33664215656
15,0.325374735744,0.017825729659,1.84754796738
16,0.978795102126,0.0520923817049,4.40715237781
17,0,0,0.564305902106
18,0,0,0.489016166002
19,0,0,2.84362938136
20,0,0,1.05190942764
21,2.73436976287,0.372021477786,13.6009443948
22,0,0,0.747896788901
23,0.599908106973,0.10086519655,2.5942668458
24,0.570370763962,0.0768671935437,3.94560715151
25,2.00425192899,0.35913169278,8.92718636155
26,0.812960993911,0.0683635121366,2.95168339614
27,0.335812090411,0.0177263082729,3.32168569824
28,0.474071881733,0.0569494177802,2.33029101135
29,2.11519198202,0.536954266288,7.65324367112
30,0.437818338301,0.0712879238456,2.08265225827
31,0.585582758128,0.0779892546565,2.39113735433
32,9.60288009865,3.02273645226,22.422682937
33,1.17800790549,0.25523380796,4.37118368743
34,0.148520136841,0.00805685116719,0.899350471284
35,0.677017536822,0.140783639318,2.36011810252
36,2.05223066687,0.519406451589,7.55381561773
37,0.515349147609,0.0744508329912,5.49421613543
38,0.687454265159,0.104779783542,3.1903377303
39,0.61511012966,0.0923578212472,2.35502466794
40,0,0,1.06779164624
41,3.00796844204,0.0524030663135,2856.87782448
42,0,0,0.427943092789
43,695.622334093,0.143435126739,2856.8803854
44,0.201916486627,0.0103442247352,2856.87800983
45,695.622334093,0.102093473198,2856.8803854
46,0,0,0.639438971587
47,0,0,2856.87801561
48,0,0,2856.87801561
49,0,0,2856.87801561
50,0,0,2856.87801561
51,0,0,2856.87801561
52,0,0,2856.87801561
53,0,0,2856.87801561
54,0,0,2856.87801561
55,0,0,2856.87801561
56,0,0,2856.87801561
57,0,0,2856.87801561
58,0,0,2856.87801561
59,0,0,2856.87801561
60,0,0,2856.87801561
61,0,0,2856.87801561
62,0,0,2856.87801561
63,0,0,2856.87801561
64,0,0,2856.87801561
65,0,0,2856.87801561
66,0,0,2856.87801561
67,0,0,2856.87801561
68,0,0,2856.87801561