site,MLE,Lower,Upper
1,0.319340901418,0.0180127725524,1.51557609002
2,0,0,5027.12479626
3,0,0,2.16078588849
4,4.86443134513,1.50041247771,11.5147478259
5,6.10007378983,1.86307481137,14.6941839844
6,0,0,1.66030351816
7,0,0,5.39808032488
8,0,0,1.66030351816
9,2.86644925031,0.700092666828,7.81302845972
10,0,0,2.0165916979
11,1.75749748486,0.290012298394,5.55376289107
12,0,0,1.89370510918
13,1.09981070346,0.0624062039905,4.95614850178
14,0.649760362037,0.0355203248327,3.58057739523
15,0.48261617191,0.0269104649131,2.39046723385
16,1.25233796969,0.0790267697556,5.47948440141
17,0,0,0.957486898224
18,0,0,0.732663891969
19,0,0,3.11485199375
20,0,0,1.5336631038
21,4.36259516789,0.649949715855,17.787716401
22,0,0,1.3150040899
23,0.962285632868,0.158894366462,3.76101834713
24,0.846911001818,0.124001432049,4.25577433542
25,2.10467174895,0.47408209438,8.76203321288
26,1.17800790549,0.116858066464,4.15354821715
27,0.587888849324,0.0317459057313,4.08836771744
28,0.795392573807,0.114377935139,3.24039852659
29,2.80545674521,0.680033875885,9.18374321641
30,0.768220386955,0.125838679759,3.08695605435
31,0.870816050531,0.12909205794,3.31105406161
32,10.935413284,3.29451069133,25.8974201781
33,1.71980954092,0.295089820369,6.39237473881
34,0.258746755272,0.0141269752577,1.39975929571
35,0.922037296959,0.170900512343,3.04099074548
36,2.78862982732,0.712592374108,8.83682961932
37,0.887333845561,0.134224879904,5.46109231423
38,1.15391778352,0.176049152536,4.88932989483
39,0.78996709109,0.12836326092,2.8492244209
40,0,0,1.53657243129
41,2.47802250844,0.0684712891549,5027.12479074
42,0,0,0.504478223471
43,10.8033327392,0.173405042284,5027.12447227
44,0.32707469363,0.016564181104,5027.12477048
45,13.2545543638,0.135537911003,5027.12436328
46,0,0,1.04284073546
47,0,0,5027.12479626
48,0,0,5027.12479626
49,0,0,5027.12479626
50,0,0,5027.12479626
51,0,0,5027.12479626
52,0,0,5027.12479626
53,0,0,5027.12479626
54,0,0,5027.12479626
55,0,0,5027.12479626
56,0,0,5027.12479626
57,0,0,5027.12479626
58,0,0,5027.12479626
59,0,0,5027.12479626
60,0,0,5027.12479626
61,0,0,5027.12479626
62,0,0,5027.12479626
63,0,0,5027.12479626
64,0,0,5027.12479626
65,0,0,5027.12479626
66,0,0,5027.12479626
67,0,0,5027.12479626
68,0,0,5027.12479626