site,MLE,Lower,Upper
1,0.246015292045,0.0138890220095,1.15715421388
2,0,0,4194.79448975
3,0,0,2.03648863485
4,12.3438133585,3.90381613729,28.6465916371
5,9.83293052883,3.17351068598,22.917213878
6,0,0,1.66698329245
7,0,0,3.81246798956
8,0,0,1.66698329245
9,5.66671875041,1.49668574308,14.5022822939
10,0,0,4.57987935569
11,2.22291335176,0.365480927072,7.07469924215
12,0,0,1.65388184693
13,1.38476303602,0.0786966696419,6.1937181697
14,0.558291815171,0.0300200536845,3.49556271342
15,0.756728364815,0.0414008672041,3.28429907941
16,1.16540444021,0.139125278119,4.18030480117
17,0,0,0.873432084019
18,0,0,1.12009025053
19,0,0,2.3205131705
20,0,0,1.09280579124
21,1.54090544228,0.286211340464,4.70714802348
22,0,0,0.487143324099
23,1.38476303602,0.282187530963,4.83918440449
24,1.03155249167,0.204707100455,4.69877810817
25,1.07572718247,0.216151064165,6.71256043852
26,0.32820315086,0.0165951712568,2.08652346761
27,0.545359699815,0.0303221068869,3.65899678566
28,0.76958117608,0.150173675694,2.61685980023
29,1.58385841857,0.284349362624,6.75649453031
30,1.0173577159,0.172539440405,3.6908736041
31,0.839143878525,0.160904291741,2.9373539346
32,10.9521268173,3.96167001693,24.2834808575
33,1.82427102068,0.313684872691,6.88743857545
34,0.533486727821,0.0325960270019,2.51973914762
35,1.17800790549,0.239946299672,3.589570257
36,1.87752031531,0.414555200867,7.3124446779
37,0.737130680085,0.114328910518,5.89187760901
38,1.69931146469,0.332700053805,6.28988751119
39,1.09990993796,0.243186986991,3.36783073827
40,0,0,0.833601658261
41,1.6026473617,0.0551605337006,4194.79460593
42,0,0,0.85110535975
43,3.29579372244,0.153898039487,4194.79427296
44,0.753627008581,0.0254402214796,4194.79443165
45,9.35530283955,0.0758535642927,4194.79420772
46,0,0,0.414912704216
47,0,0,4194.79448975
48,0,0,4194.79448975
49,0,0,4194.79448975
50,0,0,4194.79448975
51,0,0,4194.79448975
52,0,0,4194.79448975
53,0,0,4194.79448975
54,0,0,4194.79448975
55,0,0,4194.79448975
56,0,0,4194.79448975
57,0,0,4194.79448975
58,0,0,4194.79448975
59,0,0,4194.79448975
60,0,0,4194.79448975
61,0,0,4194.79448975
62,0,0,4194.79448975
63,0,0,4194.79448975
64,0,0,4194.79448975
65,0,0,4194.79448975
66,0,0,4194.79448975
67,0,0,4194.79448975
68,0,0,4194.79448975