site,MLE,Lower,Upper
1,0.111401989589,0.0052979068579,2.01584676818
2,0,0,1899.41393077
3,0,0,0.958911238541
4,6.01458411406,1.82186440477,14.7451180542
5,5.93354987112,1.79419027842,14.5258102556
6,0,0,1.44989253622
7,0,0,4.14475908429
8,0,0,1.44989253622
9,3.62050037139,0.894722984555,9.53141553537
10,0,0,2.6092991454
11,1.66385428761,0.273145023763,5.3288418857
12,0,0,1.00855501123
13,0.967054376809,0.0550083954632,4.31723973409
14,0.263485481026,0.0127276766816,2.84161728372
15,0.29729752357,0.0150995126883,1.99213373938
16,1.58669142211,0.246177205972,6.0278804232
17,0,0,0.248858862981
18,0,0,0.441500336509
19,0,0,1.6997986167
20,0,0,0.894609823927
21,3.53090235311,0.41415293653,15.9798723887
22,0,0,0.362134270325
23,0.354986249357,0.0606868178628,1.6205627343
24,0.317255205936,0.0451902762657,2.5039321939
25,1.19964530719,0.165801259453,5.8154925874
26,0.616105207422,0.0865444782766,2.29481714028
27,0.187936858258,0.0105552926275,1.02737695576
28,0.235658619971,0.0313837188389,1.29827318547
29,1.00584322058,0.2502059809,4.25349198836
30,0.318968971936,0.0553853799921,1.38187858191
31,0.288066979907,0.0401429735446,1.35826919358
32,7.61443164553,2.45651809934,18.3119652626
33,0.698897513253,0.140751449265,3.03002291455
34,0.144659968573,0.00733066457999,1.18602917586
35,0.522661246734,0.106642905708,2.17496522857
36,2.15357319656,0.465031770306,7.9172161661
37,0.250798505794,0.0384261379994,1.4711408388
38,0.43169648323,0.0603835632903,2.40848888393
39,0.502843073831,0.0750969102435,2.08667076804
40,0,0,0.403652330685
41,83.4618810816,0.0608720749003,1899.40748198
42,0,0,0.279390180598
43,83.4618810816,0.211775527309,1899.40748198
44,0.338596297671,0.0179825113594,1899.41392809
45,83.4618810816,0.143594091022,1899.40748198
46,0,0,0.196243545867
47,0,0,1899.41393077
48,0,0,1899.41393077
49,0,0,1899.41393077
50,0,0,1899.41393077
51,0,0,1899.41393077
52,0,0,1899.41393077
53,0,0,1899.41393077
54,0,0,1899.41393077
55,0,0,1899.41393077
56,0,0,1899.41393077
57,0,0,1899.41393077
58,0,0,1899.41393077
59,0,0,1899.41393077
60,0,0,1899.41393077
61,0,0,1899.41393077
62,0,0,1899.41393077
63,0,0,1899.41393077
64,0,0,1899.41393077
65,0,0,1899.41393077
66,0,0,1899.41393077
67,0,0,1899.41393077
68,0,0,1899.41393077