site,MLE,Lower,Upper
1,0,0,10000
2,0,0,10000
3,0,0,0.670365164372
4,0,0,0.835859165867
5,0.719364557956,0.0409166891732,3.21466034174
6,0,0,1.00824188312
7,3.79994291457,1.24484475643,8.60766247239
8,0.590698994254,0.0338428931268,2.59321733447
9,2.00425192899,0.754503431108,4.21199906052
10,3.29553709095,1.16840394688,7.27794939536
11,2.00425192899,0.500147804124,5.19654329437
12,3.31089481625,1.28875568896,6.97276637688
13,2.61397583317,0.818509745052,6.07464585659
14,0,0,1.25673789736
15,1.10304739099,0.272919540215,2.90062368211
16,1.64586145312,0.405916439363,4.35705655801
17,1.0518327215,0.173582794716,3.31900442436
18,0.745785404324,0.134845279586,2.15527919688
19,0.684467188065,0.0388801755722,3.06570167462
20,1.61445718226,0.496702061513,3.82837670466
21,0.709353549885,0.0403123816139,3.16602302967
22,0,0,0.838378592328
23,0,0,0.909485755028
24,0,0,1.00824188312
25,1.67895336879,0.414763085515,4.4470500049
26,0.476433596667,0.0271538868242,2.10774813497
27,0.716071340742,0.04067312246,3.19519993583
28,1.87022653097,0.461921454061,4.96081700826
29,0.784427247646,0.130141532795,2.43373026756
30,0,0,0.838378592328
31,0.919271275117,0.151629608339,2.89124221987
32,0,0,0.996682371834
33,1.4202333398,0.234775793068,4.46384543154
34,6.11534424787,3.07581275962,10.8675943709
35,2.39347058152,0.855569307266,5.21500933543
36,0.495559484693,0.0281723334258,2.21677532003
37,0.728209073217,0.043620796956,2.98232085128
38,0,0,1.15461928764
39,0.533495745364,0.0303672421103,2.37231729825
40,0,0,0.678648263281
41,0.495824182062,0.0283802346172,2.1775774936
42,0.451480668551,0.0256699956278,2.01632356783
43,0,0,0.829546450044
44,0.447347373803,0.0254484306256,1.99759621368
45,1.85098444608,0.456632480382,4.89181675354