site,MLE,Lower,Upper
1,0,0,10000
2,0,0,10000
3,0,0,0.849047062331
4,0,0,1.01949670721
5,0.276697718282,0.0157376530817,1.23561787669
6,0,0,0.752031988849
7,1.29703951087,0.398118306615,3.08253438481
8,0.494915511255,0.0279759258519,2.27110135199
9,1.52903377524,0.544286645669,3.34200490581
10,1.91763850132,0.677198011189,4.25287851881
11,1.07897300841,0.265499777217,2.87108603939
12,3.60150710102,1.40653344686,7.54058796666
13,1.48720861967,0.45500052683,3.56705641562
14,0,0,0.895420555288
15,2.17329653275,0.538380241052,5.69523551548
16,1.55447602542,0.379975131907,4.20687180498
17,1.01981978166,0.16734074394,3.26457711651
18,0.592578583799,0.0982109289689,1.84788542317
19,0.492298921464,0.0279820532474,2.20154871938
20,2.56219634038,0.790610063861,6.03350205332
21,0.275012544528,0.0156423967484,1.22790023837
22,0,0,1.90591897375
23,0,0,1.9434099011
24,0,0,0.752031988849
25,1.59341782602,0.389079813563,4.31475620407
26,1.00540293857,0.0571193446162,4.49880890584
27,0.275330997087,0.0156603554354,1.22936302505
28,1.22587962592,0.302110493444,3.24498158607
29,1.29247965928,0.21404002952,4.02440350683
30,0,0,1.90591897375
31,1.56654018603,0.258056068179,4.93771231265
32,0,0,2.27488117411
33,0.959988566918,0.158066471398,3.04146946576
34,9.78312913443,4.95823859546,17.4844901999
35,3.60269903333,1.27329563068,7.95643751489
36,0.489374823282,0.0277423003971,2.20952464331
37,1.02204557734,0.0581285650336,4.56045224686
38,0,0,1.8800938478
39,1.16669043336,0.0663457235805,5.20594706324
40,0,0,1.21531729798
41,0.647677611279,0.0376810692821,2.75264920001
42,0.55670893459,0.0317027893614,2.47305348413
43,0,0,0.828174355036
44,0.659404023784,0.0375460718192,2.93465535294
45,3.15997698279,0.763749068478,8.63704266501