site,MLE,Lower,Upper
1,0,0,10000
2,0,0,10000
3,0,0,1.15358733571
4,0,0,0.77024040819
5,0.481372805821,0.0277829517736,2.090921992
6,0,0,0.806062659219
7,2.86728798421,1.03827530857,6.1283414584
8,0.377751717452,0.0211432660834,1.75378604673
9,10.9456083994,4.13841313033,23.0368254554
10,2.23717556352,0.789874308169,4.9815360907
11,2.85856953831,0.791690183308,7.0990548517
12,7.47646056141,3.15657465023,15.4823878092
13,4.02198129271,1.36592782118,9.0116846127
14,0,0,0.799703240489
15,1.78343162326,0.443585201735,4.79402379729
16,1.13264811508,0.277746523054,3.02905022473
17,0.734789651193,0.122405137756,2.27889279372
18,4.32824812966,0.776418591971,13.1090524612
19,0.84536941831,0.132523893728,2.80312543844
20,11.149627277,4.40925284188,23.1073532351
21,0.410298298895,0.0233025410102,1.84207009929
22,0,0,1.48322756363
23,0,0,0.725979421499
24,0,0,0.806062659219
25,1.28369286026,0.344447462748,3.22717813255
26,0.381216604563,0.0216551491618,1.70925270804
27,0.442877141685,0.0252412611375,1.97286984333
28,1.3579875789,0.335247597881,3.60745286653
29,4.43895295459,0.734925289705,14.0702889046
30,0,0,1.48322756363
31,0.904097069688,0.155531650051,2.7302128352
32,0,0,0.608738143832
33,0.897261595704,0.146338186717,2.91093237368
34,2.56686486,1.27491578424,4.71730186356
35,1.88079555603,0.708028207113,3.97517077051
36,0.62203208098,0.084315549125,2.01994473241
37,0.487191441136,0.0272906611029,2.29716796983
38,0,0,0.352794724712
39,0.505101490352,0.0361731782792,1.85836450209
40,0,0,4.67574354457
41,0.736596909393,0.0817730866889,2.46611610422
42,0.360625413196,0.0204905290074,1.61382870349
43,0,0,0.780605635821
44,0.588823836128,0.0342493144696,2.53391173032
45,0.811033072282,0.248729956698,1.90475953311