site,MLE,Lower,Upper
1,0,0,10000
2,0,0,10000
3,0,0,0.389513464585
4,0,0,1.76454759209
5,0.251744136175,0.0142725147925,1.1401130027
6,0,0,0.529308975086
7,1.17292908081,0.356441587119,2.83402508452
8,0.461868293376,0.0260007038121,2.17217637488
9,0.820566596823,0.289776526749,1.81970438019
10,1.45915565523,0.512729275899,3.26615729234
11,0.735588341903,0.178120544772,2.02027583438
12,2.37875567701,0.929593717849,4.98099974967
13,1.0516564916,0.314267675545,2.63317962174
14,0,0,0.565047600553
15,2.05223066687,0.507878403384,5.3755289617
16,1.39317079267,0.337626668186,3.87454524054
17,1.13464442793,0.184243754129,3.72473101609
18,0.310081525632,0.0512185681323,0.974930161727
19,0.317396008425,0.018048405993,1.41699787556
20,1.92510035854,0.589310652124,4.60875629879
21,0.250550094563,0.0142011133227,1.13397039683
22,0,0,2.05907917811
23,0,0,0.977921633744
24,0,0,0.529308975086
25,1.77220281481,0.425634898216,4.9552286234
26,0.509218613853,0.0289215652896,2.28347777191
27,0.25111037966,0.0142324619595,1.13669373418
28,0.874779740613,0.214585414609,2.34219072557
29,0.884184097396,0.145910645965,2.78801392278
30,0,0,2.05907917811
31,1.57058326417,0.260534749628,4.89704148733
32,0,0,1.66910408043
33,0.609878417206,0.100543214491,1.92898638369
34,11.5019835586,5.71645334496,20.6269939948
35,4.36268856234,1.54726367911,9.53192741523
36,0.548875317753,0.0309260776092,2.53375727592
37,1.34844870303,0.0768743904335,5.94857945068
38,0,0,0.881598850831
39,0.847509928141,0.0481972746492,3.77903396044
40,0,0,0.848086496594
41,1.28345725772,0.0859880905035,4.89897910308
42,0.835994743501,0.0475046261054,3.73732947862
43,0,0,0.896475690499
44,0.980516833843,0.0557291191491,4.38158382071
45,1.43228013573,0.353359580809,3.7854058054