site,MLE,Lower,Upper
1,0,0,10000
2,0,0,10000
3,0,0,1.43250402637
4,0,0,1.43250402637
5,0.75047242306,0.0427593770559,3.32973686721
6,0,0,1.43250402637
7,3.79381542807,1.16331874242,9.04496639354
8,0.776092956265,0.0440818629054,3.48474265597
9,0.263973083128,0.0793467877625,0.932837703439
10,4.27089122144,1.51472148265,9.47054375036
11,0.101368378961,0.0223314707972,0.367908192058
12,5.37794028989,2.09752537479,11.3835911474
13,0.173678378831,0.041129628921,0.894878244608
14,0,0,1.43250402637
15,2.40294422291,0.592423027626,6.3549962304
16,2.33584720272,0.577217919031,6.15280486392
17,1.39088940385,0.203635775923,4.82481262144
18,0.0513506477365,0.00812210932417,0.18624520388
19,0.806389033177,0.045917778538,3.58725911408
20,3.57177695689,1.09426577335,8.58801997402
21,0.748395871034,0.0426051999244,3.31755168275
22,0,0,1.43250402637
23,0,0,1.43250402637
24,0,0,1.43250402637
25,2.44643687193,0.604230636665,6.4638785364
26,0.748395871034,0.0426051955168,3.31755133637
27,0.748395871034,0.0426051818004,3.31755025843
28,2.46259569609,0.608543591035,6.5035664279
29,1.59595938573,0.2642306412,4.99362781451
30,0,0,1.43250402637
31,1.72449985207,0.285343993529,5.41509174837
32,0,0,1.43250402637
33,1.5584530794,0.257659207874,4.87743952673
34,10.6729629569,5.15205617398,20.2587742077
35,4.31200050797,1.52779543467,9.52897158524
36,0.764166741322,0.043531233678,3.39187982727
37,0.788796265888,0.0449196089363,3.50493461411
38,0,0,1.43250402637
39,0.764166741322,0.043531233678,3.39187982727
40,0,0,1.43250402637
41,0.806389033177,0.045917778538,3.58725911408
42,0.748395871034,0.0426052155687,3.31755291219
43,0,0,1.43250402637
44,0.764166741322,0.0435203379798,3.39101281924
45,2.27286175918,0.562299515744,5.98056814407