site,MLE,Lower,Upper
1,0,0,10000
2,0,0,10000
3,0,0,0.948375713824
4,0,0,0.985376782566
5,0.415091383797,0.0236145484154,1.85122915131
6,0,0,0.802531533952
7,2.18897328698,0.683777128055,5.09217928225
8,0.485010099229,0.0274627326554,2.21315822758
9,1.71507674517,0.605842268375,3.80183098059
10,2.59021070352,0.926378203061,5.6628723791
11,0.927530982438,0.229237074866,2.4468444197
12,5.07442856353,2.04674208014,10.3820762611
13,1.3666381426,0.423001136149,3.2265234345
14,0,0,0.965726360149
15,1.79823751865,0.46614610167,4.52784999214
16,1.59894696619,0.391548546942,4.29809473007
17,1.06300909716,0.175636908921,3.34769154557
18,0.665560607446,0.109961493831,2.09159977526
19,0.606621869508,0.0345678820383,2.67470965189
20,4.36268856234,1.44700597907,9.65044110904
21,0.407005785847,0.0231528161924,1.81553292961
22,0,0,0.910398628255
23,0,0,1.00763160665
24,0,0,0.802531533952
25,1.85683676749,0.487689014741,4.71742237134
26,0.546151548617,0.0311476733012,2.41362152197
27,0.410030001755,0.0233219739414,1.82881812536
28,1.37233655797,0.338048341224,3.6428153423
29,1.66862915087,0.277761656305,5.15344116314
30,0,0,0.910398628255
31,2.24444121377,0.381324711902,6.76157025675
32,0,0,1.45888171687
33,1.02162509471,0.168101741788,3.24348468357
34,10.1936669845,5.1317111686,18.4474993751
35,4.14614785507,1.49783343794,9.01316216922
36,0.501337715363,0.0285103969179,2.24236828186
37,0.43949081066,0.0250224070713,1.95390165061
38,0,0,0.805574275508
39,0.79162555026,0.0451248793736,3.50746127358
40,0,0,1.45651295483
41,0.537162718804,0.0305657568602,2.39466181621
42,0.525451488832,0.0299244315702,2.33492060283
43,0,0,0.792282802253
44,0.522505060371,0.0297574458141,2.32163915733
45,1.28458226237,0.316442601102,3.40801466969