site,MLE,Lower,Upper
1,0,0,10000
2,0,0,10000
3,0,0,1.32804778835
4,0,0,1.00967291812
5,0.377486520566,0.0214851129442,1.68059630779
6,0,0,0.737815019481
7,1.67543219073,0.513933733636,3.98656242426
8,0.53030740394,0.0299262309817,2.46367280076
9,1.93770966247,0.683151763461,4.31198675789
10,2.05223066687,0.726694616679,4.52314642829
11,1.12995215202,0.277329159617,3.02344969332
12,2.93091123814,1.14790170542,6.1177911175
13,1.56728785645,0.477643538501,3.78763032945
14,0,0,0.591098406352
15,2.39039343832,0.591839958691,6.25944826306
16,1.57463098423,0.385193849453,4.2959633457
17,1.33291008381,0.219385363903,4.23261690623
18,0.743161868446,0.122734199285,2.34624496451
19,0.32820315086,0.0186829641709,1.46129533368
20,3.07779933935,0.946016692013,7.30589826135
21,0.377453938923,0.0214837928823,1.68026075743
22,0,0,1.38994430951
23,0,0,2.81452196916
24,0,0,0.737815019481
25,2.02822855227,0.496854861116,5.45357085467
26,1.45426570398,0.0827204418655,6.47863765747
27,0.376555819869,0.0214328356917,1.67624679312
28,1.1854378132,0.292220466694,3.14657559365
29,1.43929862542,0.237242496429,4.5450556042
30,0,0,1.38994430951
31,1.33462041443,0.221089582412,4.1667881047
32,0,0,1.41540483773
33,0.647994187663,0.107030774218,2.03926637417
34,8.39889241864,4.12609934053,15.2996921975
35,3.32629424919,1.17646977596,7.34671594436
36,0.659408391943,0.0374029336596,2.96369910498
37,0.554179352749,0.0315296516171,2.47056151914
38,0,0,0.941155815716
39,0.726333358103,0.0413301578101,3.22916528232
40,0,0,1.45328312959
41,0.702781739168,0.0422938490941,2.88557123829
42,0.522204026727,0.0296388476998,2.34886890948
43,0,0,1.12838300255
44,0.601089487122,0.0340861000478,2.71319705862
45,1.53283852882,0.376107015006,4.10140998633