site,MLE,Lower,Upper
1,0,0,10000
2,0,0,10000
3,0,0,0.734192030427
4,0,0,0.881102384182
5,0.239138179197,0.0135997396481,1.06846164829
6,0,0,0.650025734742
7,1.12489347651,0.345226121323,2.67501846844
8,0.42835886563,0.0241915915848,1.96821787121
9,1.32373006258,0.47080451429,2.89330482409
10,1.6594954964,0.585939713864,3.68371541162
11,0.93370954753,0.229662453784,2.48712828459
12,3.1219330546,1.21872223407,6.54143057326
13,1.2870106254,0.393559570488,3.09125452411
14,0,0,0.774021444611
15,1.87413739572,0.464195431288,4.91428887567
16,1.34759004007,0.329071911341,3.65170814454
17,0.882941142162,0.144810674942,2.83026094518
18,0.512449721017,0.0849333542134,1.59872697912
19,0.426327676909,0.0242294940322,1.90710967159
20,2.21718483711,0.683709144761,5.21977407685
21,0.23769563306,0.0135182249908,1.0618428969
22,0,0,1.64710379813
23,0,0,1.67986318012
24,0,0,0.650025734742
25,1.37807872696,0.336262380006,3.73813348968
26,0.869183444292,0.049369708965,3.89073892351
27,0.237937616716,0.0135323691594,1.06299728663
28,1.06002987173,0.261141409012,2.80843610216
29,1.11737089166,0.185113169522,3.48214228775
30,0,0,1.64710379813
31,1.35480572952,0.223223716257,4.27385288669
32,0,0,1.96625873703
33,0.829857326825,0.136754008153,2.63497451303
34,8.52170586361,4.31872626339,15.2382775409
35,3.121824737,1.10311616937,6.89775111088
36,0.423178919158,0.0239744239159,1.91159326929
37,0.883184622118,0.0502234609468,3.94298939483
38,0,0,1.62578753104
39,1.00866615231,0.0573535773258,4.50247465935
40,0,0,1.0502553307
41,0.563109546035,0.0328083763578,2.38842145295
42,0.480699848909,0.0273726766737,2.13598373712
43,0,0,0.715748377634
44,0.569056567469,0.0323928483136,2.53321751275
45,2.73510748146,0.661123187277,7.48846358322