site,MLE,Lower,Upper
1,0,0,10000
2,0,0,10000
3,0,0,1.11354939521
4,0,0,0.775537806234
5,0.426157461757,0.0242695193999,1.89292046555
6,0,0,1.01613738441
7,1.85769812734,0.570154670139,4.41337822458
8,0.51639660339,0.0292159756191,2.36421796748
9,1.95806255196,0.689455587388,4.3658513559
10,2.76971810726,0.981239916477,6.10355380895
11,1.16238497548,0.284187485859,3.14034262435
12,3.00900124429,1.17991771619,6.26370648952
13,1.60605087347,0.486633642343,3.93826989411
14,0,0,0.618565609184
15,1.97454563414,0.489610963982,5.17668622638
16,1.51162925585,0.370752226082,4.06887534768
17,1.27549173879,0.210228044854,4.05057927984
18,0.749711912668,0.123588685113,2.36675861737
19,0.349548877726,0.0199034661811,1.55302554717
20,2.96479325213,0.909996435052,7.05592535051
21,0.426252630991,0.0242756106677,1.89315509507
22,0,0,2.28821543642
23,0,0,1.30927202104
24,0,0,1.01613738441
25,1.86931215744,0.458247811955,5.01939264881
26,0.683185264942,0.0389109119656,3.03287215984
27,0.424710525057,0.0242004168666,1.88724798781
28,1.60187213446,0.395011900042,4.25407105065
29,1.40910357472,0.232518623272,4.43978419718
30,0,0,2.28821543642
31,0.879720740028,0.146077993621,2.73068972573
32,0,0,2.03425773393
33,0.689021645303,0.113915209353,2.1626367749
34,5.30227302317,2.6556294361,9.48594714165
35,2.24974364748,0.799246447705,4.92616364066
36,0.612896947784,0.034798692586,2.75596412929
37,0.527205502779,0.0299069359841,2.37308149794
38,0,0,0.906944295511
39,1.03080940195,0.0586979579716,4.57718609203
40,0,0,1.38091708031
41,0.445462453182,0.0254565374217,1.96114365563
42,0.410129417994,0.023326168739,1.82956441973
43,0,0,1.59513417444
44,0.563577423262,0.031985443387,2.53825548916
45,1.49966320134,0.369315643597,3.97369536181