site,MLE,Lower,Upper
1,0,0,6.91082040269
2,0,0,5.71295636043
3,7.15261079565,1.11516376769,36.6574550787
4,0,0,1.03583802089
5,0,0,0.635854121458
6,0,0,0.624346026793
7,0,0,0.91151006282
8,0,0,0.571423836826
9,0,0,1.69693077948
10,0.319332775803,0.018205391323,1.4122729036
11,0,0,1.12693679216
12,0.478553252969,0.027241141881,2.12842249569
13,0.492298921464,0.0280261301261,2.18960998526
14,0,0,0.571423836826
15,0.808763505022,0.200526290265,2.11316922661
16,0,0,0.610685789595
17,0.437187220549,0.0248816623303,1.94411597111
18,0,0,1.28822802464
19,0,0,0.528022218411
20,1.17015786038,0.360929143835,2.75424336284
21,0.585183789995,0.0333529839178,2.59043575207
22,0.582249072504,0.0331701648017,2.58178838847
23,0.973899362925,0.241304934269,2.54833677228
24,0.279723853376,0.0159310809017,1.24177539879
25,0.585647523594,0.0333790619741,2.59260236623
26,0.587888849324,0.0335171734322,2.60447561843
27,0,0,0.95277851587
28,1.35480572952,0.418921043612,3.18172277164
29,0.722099239774,0.0412082530881,3.19101765013
30,0,0,1.38493706665
31,2.86024071128,1.22191444252,5.58792789901
32,1.55447602542,0.552720157222,3.39718853911
33,0,0,10000
34,0,0,10000
35,0,0,10000
36,5.93253607371,2.69861326024,11.1449684688
37,3.14277376485,1.49989815433,5.7325053342
38,1.17944438235,0.292354330738,3.08057917676
39,2.55020490349,0.911751963052,5.51721056527
40,11.0369745338,6.70405017378,17.3544851954
41,0.512936075215,0.029226991015,2.27332378423
42,149.116066078,1.97995140988,10000
43,0,0,16.6919591493