site,MLE,Lower,Upper
1,0,0,4.75421679041
2,0,0,7.1589337834
3,8.99750062484,1.41788421407,34.6277196622
4,0,0,0.698412909122
5,0,0,0.846398399114
6,0,0,0.62299523843
7,0,0,0.767467776992
8,0,0,0.460320904838
9,0,0,1.60867755689
10,0.228009432901,0.0130020406745,1.01040869497
11,0,0,1.01031717783
12,0.403625957553,0.0229685031588,1.79732414651
13,0.410708470627,0.023367352174,1.82982218028
14,0,0,0.460320904838
15,1.16973962764,0.289414213191,3.0675863446
16,0,0,0.436151666073
17,0.402067279186,0.0228831533555,1.78945453071
18,0,0,1.58366474199
19,0,0,0.551638831291
20,1.23620781806,0.381800233008,2.90381513353
21,0.527663957008,0.0301083759534,2.32632518811
22,0.531316306051,0.0303083879802,2.34467538303
23,1.0015693534,0.247993941283,2.62186367059
24,0.289795898764,0.0165101217169,1.28490002791
25,0.527799909982,0.0301159045182,2.32693821626
26,0.524336095513,0.0299102991709,2.31385385921
27,0,0,1.58581380009
28,1.81836322972,0.562952706207,4.2479168047
29,0.999120875739,0.0569524036622,4.42086597164
30,0,0,1.88528703107
31,4.31992081249,1.86184977286,8.33679808771
32,1.28916898918,0.461104869862,2.7892049725
33,0,0,10000
34,0,0,10000
35,0,0,10000
36,7.80910919558,3.5098875789,14.8880894382
37,2.6494608086,1.26031325297,4.86064181333
38,1.68562034835,0.418642651178,4.37996475359
39,3.51700643691,1.27809495269,7.4712514649
40,11.222952389,6.84562794205,17.4188578093
41,0.733391038386,0.0418407312994,3.23503618252
42,5119.0,9.84525300701,10000
43,0,0,17.5893435486