site,MLE,Lower,Upper
1,0,0,6.69760136008
2,0,0,6.64216133224
3,6.37409762256,0.994220162108,30.6831804852
4,0,0,1.02954702154
5,0,0,0.779214706757
6,0,0,0.570563079355
7,0,0,0.972375102123
8,0,0,0.544084773171
9,0,0,2.17726929056
10,0.291452048967,0.0166133228589,1.28973678591
11,0,0,1.12426292133
12,0.507726097743,0.0289146333185,2.25927909638
13,0.514292367036,0.0292766521838,2.28701450831
14,0,0,0.544084773171
15,0.783259354519,0.194057415665,2.04801924948
16,0,0,0.558477364426
17,0.458018474998,0.0260691368093,2.03849297941
18,0,0,1.07522128324
19,0,0,0.535485808035
20,1.18315660567,0.364812645319,2.79108475864
21,0.582704684749,0.0332044942482,2.58142895586
22,0.577682478031,0.0328845285899,2.56098751652
23,0.895904159739,0.221906853639,2.34596494143
24,0.281202406263,0.0160101695929,1.24977558841
25,0.583413794422,0.0332453350346,2.58448160774
26,0.589887239269,0.033608956746,2.61342126785
27,0,0,0.816823730617
28,1.64961238824,0.507638161108,3.89229640143
29,0.571155254944,0.0326108164208,2.53031771755
30,0,0,1.0958739836
31,3.47779060724,1.48175742559,6.82507170342
32,1.49903852588,0.532735271656,3.27831418629
33,0,0,10000
34,0,0,10000
35,0,0,10000
36,4.73334460592,2.15077824629,8.90559867927
37,2.90700958843,1.38665802785,5.30742220627
38,1.49009126555,0.368602772167,3.90896988709
39,2.70385340994,0.96690361959,5.85310242964
40,11.7918874173,7.19806315424,18.4020419546
41,0.648694448134,0.0369287431573,2.88885230004
42,152.696584091,2.97399560454,10000
43,0,0,23.1113245309