site,MLE,Lower,Upper
1,0,0,0.638593528994
2,0,0,1.05054544316
3,1.39088940385,0.217614744113,5.39758857722
4,0,0,0.0706318031484
5,0,0,0.0855308407923
6,0,0,0.0629670617039
7,0,0,0.077588857587
8,0,0,0.0465185163314
9,0,0,0.162604146521
10,0.0230506872784,0.00131344323591,0.102150920094
11,0,0,0.102083953386
12,0.0408084764195,0.00232153743716,0.18191803479
13,0.0416470045817,0.00236867366884,0.185797632848
14,0,0,0.0465185163314
15,0.118456577707,0.0293073505443,0.310993047068
16,0,0,0.0440807005531
17,0.0406443567988,0.00231257116966,0.18108909872
18,0,0,0.160022777525
19,0,0,0.0557556573113
20,0.125949620771,0.0388701299928,0.296118448383
21,0.0533209593391,0.00304238172076,0.235102722605
22,0.0537066437314,0.00306346838164,0.237048129848
23,0.101249142298,0.025058157673,0.265312903572
24,0.0293011695419,0.0016690112752,0.130008457357
25,0.0533380193246,0.00304332201071,0.235186695108
26,0.0529726500029,0.00302142293688,0.233870856271
27,0,0,0.160282102987
28,0.183677022302,0.0568482634046,0.429372441317
29,0.101175192132,0.00576675959433,0.447826460387
30,0,0,0.190543432777
31,0.445142452789,0.192108886154,0.857984585315
32,0.13045161079,0.0466182709705,0.282316948407
33,0,0,7002.35769484
34,0,0,7002.35769484
35,0,0,7002.35769484
36,0.795519494356,0.356779127929,1.52021489011
37,0.27495000541,0.130647461263,0.505374788987
38,0.170427531132,0.0423441058252,0.443217047456
39,0.364056507328,0.132733972493,0.771533520473
40,1.18367034053,0.724338657484,1.82944501832
41,0.0747892326672,0.00426657687034,0.329975621376
42,582.888661715,1.00793596497,7002.3844495
43,0,0,1.78014334925