site,MLE,Lower,Upper
1,0,0,4.75548936552
2,0,0,3.92467038173
3,11.2993525349,1.54870661668,70.9602340769
4,0,0,0.710894937961
5,0,0,0.47531311091
6,0,0,0.497966563012
7,0,0,0.38505959482
8,0,0,2.17244800335
9,0,0,0.448041967249
10,0.27419334609,0.0156754831489,1.20501262994
11,0,0,2.8956472178
12,0.202000047975,0.0115108530338,0.894883784854
13,0.201507534356,0.0114827331099,0.892711216826
14,0,0,2.17244800335
15,0.861484215866,0.213845274349,2.26571025005
16,0,0,0.48222445882
17,0.205147837324,0.0116880141648,0.909494518766
18,0,0,0.915382433416
19,0,0,0.815252092418
20,3.00311722495,1.1523353105,6.16940421533
21,1.51162925585,0.086344480156,6.66805381077
22,1.48769159678,0.0861924737099,6.57022520299
23,0.808565113692,0.199973599483,2.12203177747
24,0.547090636286,0.0327382759897,2.25275256489
25,1.51543165593,0.0864217596272,6.67433708171
26,2.39479486955,0.35212732041,7.70871071813
27,0,0,0.779521894457
28,0.957584498528,0.295411250653,2.2513202169
29,0.21951080836,0.0126046982809,0.954722611852
30,0,0,0.376763070614
31,0.273079453024,0.117013091356,0.53060364287
32,5.79456542228,2.2408807543,12.1594687706
33,0,0,10000
34,0,0,10000
35,0,0,10000
36,1.99249324679,0.939490266248,3.64990892574
37,2.6365430672,1.27746249771,4.78452839331
38,0.104164162462,0.0258869770329,0.270494895502
39,0.333515949189,0.119466240463,0.718529071345
40,3.7023012889,2.31071475636,6.37881041351
41,0.0426633779576,0.00243464561142,0.188020077904
42,15.8202436787,0.546281119246,10000
43,0,0,0.971898089048