site,MLE,Lower,Upper
1,0,0,5.47825975585
2,0,0,7.47583110017
3,14.9904057565,2.37099643845,71.2099465077
4,0,0,0.795201366994
5,0,0,0.82492301066
6,0,0,0.670992255705
7,0,0,0.73885846815
8,0,0,0.528432904946
9,0,0,0.844619710078
10,0.343035436937,0.0195503857041,1.51892770708
11,0,0,1.22090351757
12,0.392040841826,0.0223250533282,1.74110352439
13,0.405171074114,0.0230748904239,1.79867946497
14,0,0,0.528432904946
15,1.26248873125,0.312087864507,3.31877672042
16,0,0,0.650744573964
17,0.395456808383,0.0225193600996,1.75641660968
18,0,0,0.759677384443
19,0,0,0.453173578862
20,1.30329749426,0.418572823336,2.93212343796
21,0.645609348732,0.036826185906,2.84907573059
22,0.665810880553,0.037999509193,2.93352644202
23,1.07936064636,0.267327358491,2.8268311915
24,0.246015292045,0.0140331382601,1.08843549712
25,0.645734191167,0.036833041533,2.8502799272
26,0.645735961946,0.0368312661891,2.85127890544
27,0,0,0.691156449681
28,2.07529198003,0.649585223079,4.77524465441
29,0.642809391679,0.0366837538657,2.84047717509
30,0,0,1.22237032515
31,3.35851668549,1.4295342536,6.60269789166
32,1.41538223042,0.504753435916,3.07492355746
33,0,0,10000
34,0,0,10000
35,0,0,10000
36,6.28897889483,2.87513064951,11.7221297656
37,4.0102951342,1.93143774797,7.25810355097
38,1.58669142211,0.401044148715,4.06156001915
39,2.20026583081,0.78205996298,4.80694589725
40,10.8805944015,6.62669343294,17.0773332501
41,0.620109853831,0.035329049674,2.7576337583
42,1644.04774702,1.49629009229,10000
43,0,0,15.9841096711