site,MLE,Lower,Upper
1,0,0,2.08840312681
2,0,0,3.50245454807
3,3.15997698279,0.49875862959,12.2359274947
4,0,0,0.274928246032
5,0,0,0.323633805356
6,0,0,0.296199306417
7,0,0,0.374160871037
8,0,0,0.194449731016
9,0,0,0.434161330898
10,0.123566608678,0.00704369724919,0.546762094794
11,0,0,0.365738227359
12,0.194509299646,0.0110619489515,0.868059249786
13,0.199694409837,0.0113583804572,0.890764848961
14,0,0,0.194449731016
15,0.352963324047,0.0873554193616,0.925223274618
16,0,0,0.237084765095
17,0.178862353151,0.010172503416,0.798282180443
18,0,0,0.673331240028
19,0,0,0.182389984329
20,0.412827903387,0.126522072015,0.984905812146
21,0.190263278115,0.0108399885298,0.843480291364
22,0.189748092966,0.0108086022775,0.841740806648
23,0.458839343674,0.113349534852,1.20728937344
24,0.0960783584109,0.00545966714991,0.430146148392
25,0.190640082069,0.0108615016025,0.84512400277
26,0.192756841778,0.0109814686395,0.854669933515
27,0,0,0.295420634464
28,0.683264934106,0.210401158478,1.61327483597
29,0.334493920113,0.0190725724106,1.47862662061
30,0,0,0.637677183507
31,0.875724461938,0.372690153668,1.72514667938
32,0.544044630649,0.191962378413,1.20672601093
33,0,0,10000
34,0,0,10000
35,0,0,10000
36,2.66308813626,1.20875907403,5.02824205988
37,1.23720790356,0.590105531285,2.26059538869
38,0.359885708972,0.088988191684,0.946215000333
39,0.918634390901,0.32704591055,2.00216883974
40,4.44272568313,2.62741125728,7.20366232913
41,0.153505271036,0.0087320877718,0.684688331874
42,1362.48182747,1.46651447114,10000
43,0,0,5.80689658177