site,MLE,Lower,Upper
1,0,0,134.404935397
2,0,0,134.404935397
3,0,0,134.404935397
4,0.00736792954223,0.000340962587426,0.0953368344514
5,0.0328744379327,0.00323571909416,0.210764759655
6,0.609781234003,0.31620723498,1.05900449023
7,0.779226963084,0.306821202107,1.60591010521
8,0.245925214036,0.0874038747661,0.536970900751
9,0.0306133506541,0.00180255028869,0.160505496063
10,0.352068615509,0.167877162495,0.642609713634
11,0.015947343835,0.000819018974726,0.357035354757
12,0.264165420397,0.0674192352269,0.687809023268
13,0.18552400444,0.0567711174383,0.437770972432
14,0.0384086572643,0.00491474849975,0.379231787982
15,0.951264568037,0.492145972853,1.66324845378
16,0.248676779629,0.0634961292631,0.646843340209
17,0.0241837681399,0.00297277370008,0.129299905102
18,0.369365515307,0.0918901038574,0.969150263799
19,0.177186029855,0.0282792413867,0.499236476781
20,0.0196048956636,0.00296425062604,0.0874881997407
21,0.384908487858,0.105726998158,1.00827940211
22,0.0454029007098,0.00476948515916,0.30948561247
23,0.743462144653,0.292497927845,1.52865552032
24,0.599908106973,0.214463229569,1.29332632115
25,0.368147353664,0.0983209917291,0.966419952908
26,0.397550718454,0.178244953489,0.756761902099
27,1.11265834138,0.599001894299,1.90914336415
28,0.191626890392,0.072717061273,0.41089988687
29,0.296506360238,0.115664152106,0.598729399547
30,0.0693601168202,0.0117011825648,0.278870882917
31,1.15368584041,0.615846509341,1.97451785378
32,0.00904643446112,0.000470686129468,0.0914189602712
33,0.0140921797614,0.000780684443604,0.0762352160992
34,1.07925006925,0.514010636133,1.97373340916
35,0.0251964720509,0.00337647695928,0.143838015868
36,0.0660653521724,0.0139894245394,0.257135070701
37,0.0127128848899,0.000622995380591,0.19391206301
38,0.459970870693,0.1434329823,1.07724686857
39,0.0478297299881,0.00776542011809,0.238715466504
40,0.559755483011,0.17389789958,1.3020372819
41,1.22054487841,0.010274014611,134.404933092
42,0.0112596276384,0.000520365053441,134.404934763
43,0.0139819711679,0.000683210453985,134.404934526
44,0,0,134.404935397
45,0,0,134.404935397
46,0,0,134.404935397
47,0,0,134.404935397
48,0,0,134.404935397
49,0,0,134.404935397
50,0,0,134.404935397
51,0,0,134.404935397
52,0,0,134.404935397
53,0,0,134.404935397
54,0,0,134.404935397
55,0,0,134.404935397
56,0,0,134.404935397
57,0,0,134.404935397
58,0.372170343704,0.00664628880145,134.404953474