site,MLE,Lower,Upper
1,0,0,0.907674058256
2,0,0,2782.85537536
3,0,0,2782.85537536
4,0.176006345568,0.00990341560687,0.818308917571
5,0.211115170776,0.0118901476387,0.955484686036
6,3.02160609035,1.47356711507,5.56904752993
7,1.28916898918,0.471009316595,2.93255528878
8,1.06823820174,0.415074309394,2.25167096706
9,0.123566375637,0.0069748472033,0.56156364718
10,2.57980847457,1.18782135345,4.91191635453
11,0.167953978634,0.00943747188508,0.787549509767
12,0.944247522569,0.291991279638,2.21365900825
13,1.19063673937,0.442448708086,2.58451547972
14,0.528107177432,0.0933804289616,1.66896469601
15,3.52360138266,1.81655686571,6.23719124533
16,0.999620220501,0.340114319383,2.24094549567
17,0.334049913903,0.0553520345466,1.07841784968
18,0.816956395982,0.27352571461,1.95006736937
19,0.551010931529,0.152110025508,1.47755003108
20,0.245436767273,0.0412341055704,0.781373290289
21,0.664031391346,0.191462321094,1.76231375106
22,0.263683281143,0.037937114919,1.01507407459
23,1.4950877959,0.57459828643,3.20441718127
24,1.8038689262,0.694948737383,4.01579928526
25,1.05364311487,0.372846919939,2.34299137588
26,2.2808529692,1.0266791718,4.4118267681
27,3.8946734605,2.10181665868,6.7231128068
28,1.49253564735,0.640857684518,3.08356410079
29,1.73866835157,0.778949242236,3.49553548293
30,0.424291520567,0.0731615477995,1.36834978448
31,3.10351767362,1.62994335304,5.382162122
32,0.110870767966,0.00615856365666,0.552606784201
33,0.242378298395,0.0137429057794,1.10448187012
34,2.50714665991,1.25540945573,4.49723745112
35,0.258134005929,0.0380634160472,0.9747817365
36,0.484124508618,0.11309380715,1.30886867187
37,0.101542672985,0.00570234460913,0.488062281537
38,0.806389033177,0.256887050107,2.05866229739
39,0.284135082399,0.0461739411793,0.961476112
40,2.07364404753,0.768434821459,4.53998458908
41,90.0125142207,0.261156339492,2782.84944066
42,0.218874889979,0.0111451176491,2782.8553671
43,0.754423381579,0.0259633208396,2782.85532635
44,0,0,2782.85537536
45,0,0,2782.85537536
46,0,0,2782.85537536
47,0,0,2782.85537536
48,0,0,2782.85537536
49,0,0,2782.85537536
50,0,0,2782.85537536
51,0,0,2782.85537536
52,0,0,2782.85537536
53,0,0,2782.85537536
54,0,0,2782.85537536
55,0,0,2782.85537536
56,0,0,2782.85537536
57,0,0,2782.85537536
58,1.44281456506,0.0699950368663,2782.85532554