site,MLE,Lower,Upper
1,0,0,2294.40907006
2,0,0,2294.40907006
3,0,0,2294.40907006
4,0.120791445904,0.00671823461999,0.590962141094
5,0.357176189807,0.036841088508,1.26486161637
6,2.08008859764,1.03964968643,3.66417723522
7,2.12771620399,0.779405507614,4.99584520299
8,0.955819999768,0.379104170581,1.99015024957
9,0.198075596452,0.0112826836684,0.874898979305
10,1.23545564533,0.602821944333,2.25322515267
11,0.286105052663,0.0160877265238,1.3348362222
12,1.15391778352,0.380767133396,2.69443454975
13,0.779471055704,0.294043267051,1.67657134133
14,0.367103923884,0.0604217190265,1.16393155428
15,3.30963817889,1.70895356531,5.81903584644
16,1.14650932306,0.37728758961,2.60785878019
17,0.196835905471,0.0305329567964,0.735094407226
18,1.27370493573,0.424676413365,3.1396098291
19,0.622242314883,0.182063366108,1.60957977159
20,0.184147552307,0.0297579020202,0.60801846019
21,1.19034095366,0.387179740416,2.95725075768
22,0.441614179264,0.0548397827242,1.91110337486
23,2.51702883121,0.96781508232,5.36101216659
24,2.02231652087,0.734517169529,4.56775892787
25,1.78366468142,0.661363699359,3.97235208472
26,1.26248873125,0.510148913795,2.54478031576
27,3.78913062312,2.0333225997,6.51628461742
28,0.687732509464,0.285034799228,1.44272173468
29,1.0138682455,0.431558007307,2.08391126875
30,0.393052195552,0.0763688467849,1.18788601509
31,4.00529423073,2.14366526323,6.84102918933
32,0.0863488459087,0.00477999855613,0.448402926266
33,0.196491675018,0.0110378009668,0.93065168726
34,3.88188141925,1.87982034445,7.09669193905
35,0.203708166604,0.0310775712075,0.76854240485
36,0.541874612307,0.121989554265,1.5444314912
37,0.148877972657,0.00792226509913,0.950215328631
38,1.0093693916,0.334900343242,2.7898832506
39,0.378516137298,0.0720444826121,1.34210466088
40,2.03905729073,0.713486694281,4.68587551476
41,83.8905717234,0.166216097257,2294.40580344
42,0.181065979149,0.00835290418687,2294.40907011
43,0.225085777832,0.0109480774112,2294.40905359
44,0,0,2294.40907006
45,0,0,2294.40907006
46,0,0,2294.40907006
47,0,0,2294.40907006
48,0,0,2294.40907006
49,0,0,2294.40907006
50,0,0,2294.40907006
51,0,0,2294.40907006
52,0,0,2294.40907006
53,0,0,2294.40907006
54,0,0,2294.40907006
55,0,0,2294.40907006
56,0,0,2294.40907006
57,0,0,2294.40907006
58,5.8164188842,0.103856803851,2294.40850406