site,MLE,Lower,Upper
1,0,0,0.702645189136
2,0,0,1874.18814313
3,0,0,1874.18814313
4,0.173738025807,0.00976210156489,0.826144967715
5,0.276778649327,0.020858137523,1.03256219407
6,2.41375337681,1.17656661579,4.47296208896
7,1.59156596802,0.562341025892,3.66099614976
8,1.49736493706,0.573586489311,3.26264079572
9,0.170014358919,0.00952848361778,0.771361073156
10,1.91117078521,0.899174356016,3.63788491627
11,0.177198038572,0.00976994044873,0.8842822166
12,0.919566541687,0.278517556367,2.17815423465
13,0.91679831979,0.340622787198,2.01953953197
14,0.282353715759,0.0452839969662,0.94539974642
15,4.62464945215,2.33638257224,8.21446160691
16,0.965259017754,0.339180892221,2.13746578479
17,0.239540349114,0.0428123972215,0.766304047657
18,0.909200960019,0.306082318432,2.22580525376
19,0.919074346309,0.243466059426,2.62344149976
20,0.20347911655,0.0328956587449,0.680006366911
21,0.800097340905,0.227593012179,2.1873350534
22,0.285307150785,0.0431067859116,1.11257286851
23,1.68981589471,0.68110571836,3.69401386353
24,2.23639444452,0.831702050377,5.0765246061
25,1.24080283799,0.434756983076,2.78299296674
26,1.75303822233,0.748150138341,3.51072341496
27,4.0796573635,2.19479357848,7.05932376275
28,1.06151055067,0.437340619027,2.2457300319
29,1.25056045455,0.526860357638,2.5793652906
30,0.295017148689,0.0554133764963,0.930015300269
31,3.77166859207,2.00496434965,6.46059067903
32,0.0860759204266,0.00475125519536,0.457071877516
33,0.218977251666,0.0123776195028,1.0074312652
34,2.69201810859,1.3288870472,4.93309681017
35,0.292439465275,0.0464603202804,1.12678377931
36,0.455577511733,0.110897839333,1.25787409232
37,0.0895961574891,0.004992855204,0.470359415205
38,0.938856991955,0.257224876399,2.43086803665
39,0.34578806453,0.0688901066253,1.08362905483
40,2.87597946944,1.00979736291,6.61168222509
41,90.4285714286,0.204498584115,1874.18365507
42,0.217111613374,0.0105952760194,1874.18815413
43,0.261335569594,0.0103989571189,1874.18813625
44,0,0,1874.18814313
45,0,0,1874.18814313
46,0,0,1874.18814313
47,0,0,1874.18814313
48,0,0,1874.18814313
49,0,0,1874.18814313
50,0,0,1874.18814313
51,0,0,1874.18814313
52,0,0,1874.18814313
53,0,0,1874.18814313
54,0,0,1874.18814313
55,0,0,1874.18814313
56,0,0,1874.18814313
57,0,0,1874.18814313
58,6.14780973119,0.0789983752661,1874.18797065