dataset,sequences,sites,model,logl,AICc
rpoC1,336,898,rpoC1,-35526.857552,72386.6572887
ATP8,353,80,ATP8,-15560.6690553,32596.9602037
1QAZ_A,43,499,QAZA,-22819.7347339,45844.453452
